[0.000000] (-) TimerEvent: {}
[0.000333] (amr_khaled) JobQueued: {'identifier': 'amr_khaled', 'dependencies': OrderedDict()}
[0.000411] (camera_drivers) JobQueued: {'identifier': 'camera_drivers', 'dependencies': OrderedDict()}
[0.000461] (competetion_bringup) JobQueued: {'identifier': 'competetion_bringup', 'dependencies': OrderedDict()}
[0.001173] (robot_kinematics_pkg) JobQueued: {'identifier': 'robot_kinematics_pkg', 'dependencies': OrderedDict()}
[0.001249] (srv_pkg) JobQueued: {'identifier': 'srv_pkg', 'dependencies': OrderedDict()}
[0.001298] (amr_khaled) JobStarted: {'identifier': 'amr_khaled'}
[0.012613] (camera_drivers) JobStarted: {'identifier': 'camera_drivers'}
[0.034206] (competetion_bringup) JobStarted: {'identifier': 'competetion_bringup'}
[0.044398] (robot_kinematics_pkg) JobStarted: {'identifier': 'robot_kinematics_pkg'}
[0.099626] (-) TimerEvent: {}
[0.199963] (-) TimerEvent: {}
[0.300376] (-) TimerEvent: {}
[0.400700] (-) TimerEvent: {}
[0.501070] (-) TimerEvent: {}
[0.601389] (-) TimerEvent: {}
[0.701758] (-) TimerEvent: {}
[0.802084] (-) TimerEvent: {}
[0.902447] (-) TimerEvent: {}
[1.002835] (-) TimerEvent: {}
[1.103170] (-) TimerEvent: {}
[1.203505] (-) TimerEvent: {}
[1.303883] (-) TimerEvent: {}
[1.404245] (-) TimerEvent: {}
[1.504620] (-) TimerEvent: {}
[1.604933] (-) TimerEvent: {}
[1.705222] (-) TimerEvent: {}
[1.805527] (-) TimerEvent: {}
[1.905863] (-) TimerEvent: {}
[2.006210] (-) TimerEvent: {}
[2.109233] (-) TimerEvent: {}
[2.212193] (-) TimerEvent: {}
[2.317045] (-) TimerEvent: {}
[2.417406] (-) TimerEvent: {}
[2.520188] (-) TimerEvent: {}
[2.624925] (-) TimerEvent: {}
[2.725309] (-) TimerEvent: {}
[2.825906] (-) TimerEvent: {}
[2.926832] (-) TimerEvent: {}
[3.027833] (-) TimerEvent: {}
[3.128799] (-) TimerEvent: {}
[3.230056] (-) TimerEvent: {}
[3.331413] (-) TimerEvent: {}
[3.432358] (-) TimerEvent: {}
[3.534155] (-) TimerEvent: {}
[3.635468] (-) TimerEvent: {}
[3.737156] (-) TimerEvent: {}
[3.838835] (-) TimerEvent: {}
[3.940201] (-) TimerEvent: {}
[4.040933] (-) TimerEvent: {}
[4.141811] (-) TimerEvent: {}
[4.242637] (-) TimerEvent: {}
[4.343505] (-) TimerEvent: {}
[4.444290] (-) TimerEvent: {}
[4.545585] (-) TimerEvent: {}
[4.646458] (-) TimerEvent: {}
[4.747409] (-) TimerEvent: {}
[4.848610] (-) TimerEvent: {}
[4.949516] (-) TimerEvent: {}
[5.051158] (-) TimerEvent: {}
[5.152110] (-) TimerEvent: {}
[5.252656] (-) TimerEvent: {}
[5.353588] (-) TimerEvent: {}
[5.454426] (-) TimerEvent: {}
[5.555072] (-) TimerEvent: {}
[5.655443] (-) TimerEvent: {}
[5.756297] (-) TimerEvent: {}
[5.856831] (-) TimerEvent: {}
[5.957930] (-) TimerEvent: {}
[6.059123] (-) TimerEvent: {}
[6.159938] (-) TimerEvent: {}
[6.261251] (-) TimerEvent: {}
[6.362378] (-) TimerEvent: {}
[6.463340] (-) TimerEvent: {}
[6.564243] (-) TimerEvent: {}
[6.665099] (-) TimerEvent: {}
[6.766190] (-) TimerEvent: {}
[6.868383] (-) TimerEvent: {}
[6.968781] (-) TimerEvent: {}
[7.070067] (-) TimerEvent: {}
[7.170458] (-) TimerEvent: {}
[7.270843] (-) TimerEvent: {}
[7.372068] (-) TimerEvent: {}
[7.472454] (-) TimerEvent: {}
[7.572845] (-) TimerEvent: {}
[7.674239] (-) TimerEvent: {}
[7.774744] (-) TimerEvent: {}
[7.876139] (-) TimerEvent: {}
[7.976890] (-) TimerEvent: {}
[8.080346] (-) TimerEvent: {}
[8.155530] (camera_drivers) Command: {'cmd': ['/usr/bin/python3', '-W', 'ignore:setup.py install is deprecated', '-W', 'ignore:easy_install command is deprecated', 'setup.py', 'egg_info', '--egg-base', '../../../build/camera_drivers', 'build', '--build-base', '/home/omar/amrws/build/camera_drivers/build', 'install', '--record', '/home/omar/amrws/build/camera_drivers/install.log', '--install-scripts', '$base/lib/camera_drivers', '--single-version-externally-managed', 'install_data'], 'cwd': '/home/omar/amrws/src/MIA_training_competion2026/camera_drivers', 'env': {'LESSOPEN': '| /usr/bin/lesspipe %s', 'GZ_SIM_RESOURCE_PATH': '/opt/ros/jazzy/share', 'USER': 'omar', 'GZ_CONFIG_PATH': '/opt/ros/jazzy/opt/gz_sim_vendor/share/gz:/opt/ros/jazzy/opt/sdformat_vendor/share/gz:/opt/ros/jazzy/opt/gz_gui_vendor/share/gz:/opt/ros/jazzy/opt/gz_transport_vendor/share/gz:/opt/ros/jazzy/opt/gz_rendering_vendor/share/gz:/opt/ros/jazzy/opt/gz_plugin_vendor/share/gz:/opt/ros/jazzy/opt/gz_fuel_tools_vendor/share/gz:/opt/ros/jazzy/opt/gz_msgs_vendor/share/gz:/opt/ros/jazzy/opt/gz_common_vendor/share/gz', 'XDG_SESSION_TYPE': 'wayland', 'SHLVL': '1', 'LD_LIBRARY_PATH': '/home/omar/microros_ws/install/micro_ros_agent/lib:/home/omar/microros_ws/install/micro_ros_msgs/lib:/opt/ros/jazzy/opt/gz_sim_vendor/lib:/opt/ros/jazzy/opt/gz_sensors_vendor/lib:/opt/ros/jazzy/opt/gz_physics_vendor/lib:/opt/ros/jazzy/opt/sdformat_vendor/lib:/opt/ros/jazzy/opt/rviz_ogre_vendor/lib:/opt/ros/jazzy/lib/x86_64-linux-gnu:/opt/ros/jazzy/opt/gz_gui_vendor/lib:/opt/ros/jazzy/opt/gz_transport_vendor/lib:/opt/ros/jazzy/opt/gz_rendering_vendor/lib:/opt/ros/jazzy/opt/gz_plugin_vendor/lib:/opt/ros/jazzy/opt/gz_fuel_tools_vendor/lib:/opt/ros/jazzy/opt/gz_msgs_vendor/lib:/opt/ros/jazzy/opt/gz_common_vendor/lib:/opt/ros/jazzy/opt/gz_math_vendor/lib:/opt/ros/jazzy/opt/gz_utils_vendor/lib:/opt/ros/jazzy/opt/gz_tools_vendor/lib:/opt/ros/jazzy/opt/gz_ogre_next_vendor/lib:/opt/ros/jazzy/opt/gz_dartsim_vendor/lib:/opt/ros/jazzy/opt/gz_cmake_vendor/lib:/opt/ros/jazzy/lib', 'HOME': '/home/omar', 'OLDPWD': '/home/omar', 'DESKTOP_SESSION': 'ubuntu', 'PYENV_SHELL': 'bash', 'ROS_PYTHON_VERSION': '3', 'GNOME_SHELL_SESSION_MODE': 'ubuntu', 'GTK_MODULES': 'gail:atk-bridge', 'SYSTEMD_EXEC_PID': '2765', 'GSM_SKIP_SSH_AGENT_WORKAROUND': 'true', 'DBUS_SESSION_BUS_ADDRESS': 'unix:path=/run/user/1000/bus', 'COLORTERM': 'truecolor', 'GNOME_KEYRING_CONTROL': '/run/user/1000/keyring', 'DEBUGINFOD_URLS': 'https://debuginfod.ubuntu.com', 'IM_CONFIG_PHASE': '1', 'WAYLAND_DISPLAY': 'wayland-0', 'COLCON_PREFIX_PATH': '/home/omar/microros_ws/install', 'ROS_DISTRO': 'jazzy', 'LOGNAME': 'omar', '_': '/usr/bin/colcon', 'ROS_VERSION': '2', 'MEMORY_PRESSURE_WATCH': '/sys/fs/cgroup/user.slice/user-1000.slice/user@1000.service/session.slice/org.gnome.SettingsDaemon.MediaKeys.service/memory.pressure', 'XDG_SESSION_CLASS': 'user', 'USERNAME': 'omar', 'STM32_PRG_PATH': '/home/omar/STMicroelectronics/STM32Cube/STM32CubeProgrammer/bin', 'TERM': 'xterm-256color', 'GNOME_DESKTOP_SESSION_ID': 'this-is-deprecated', 'PATH': '/opt/ros/jazzy/opt/gz_msgs_vendor/bin:/opt/ros/jazzy/opt/gz_tools_vendor/bin:/opt/ros/jazzy/opt/gz_ogre_next_vendor/bin:/opt/ros/jazzy/bin:/home/omar/.pyenv/shims:/home/omar/.pyenv/bin:/home/omar/.local/bin:/usr/local/sbin:/usr/local/bin:/usr/sbin:/usr/bin:/sbin:/bin:/usr/games:/usr/local/games:/snap/bin:/snap/bin', 'SESSION_MANAGER': 'local/omar-Aspire-A315-53:@/tmp/.ICE-unix/2582,unix/omar-Aspire-A315-53:/tmp/.ICE-unix/2582', 'XDG_MENU_PREFIX': 'gnome-', 'GNOME_TERMINAL_SCREEN': '/org/gnome/Terminal/screen/540d1515_467e_4681_aa71_d1071492844f', 'GNOME_SETUP_DISPLAY': ':1', 'XDG_RUNTIME_DIR': '/run/user/1000', 'DISPLAY': ':0', 'LANG': 'en_US.UTF-8', 'XDG_CURRENT_DESKTOP': 'ubuntu:GNOME', 'XMODIFIERS': '@im=ibus', 'XDG_SESSION_DESKTOP': 'ubuntu', 'XAUTHORITY': '/run/user/1000/.mutter-Xwaylandauth.TNHDV3', 'LS_COLORS': 'rs=0:di=01;34:ln=01;36:mh=00:pi=40;33:so=01;35:do=01;35:bd=40;33;01:cd=40;33;01:or=40;31;01:mi=00:su=37;41:sg=30;43:ca=00:tw=30;42:ow=34;42:st=37;44:ex=01;32:*.tar=01;31:*.tgz=01;31:*.arc=01;31:*.arj=01;31:*.taz=01;31:*.lha=01;31:*.lz4=01;31:*.lzh=01;31:*.lzma=01;31:*.tlz=01;31:*.txz=01;31:*.tzo=01;31:*.t7z=01;31:*.zip=01;31:*.z=01;31:*.dz=01;31:*.gz=01;31:*.lrz=01;31:*.lz=01;31:*.lzo=01;31:*.xz=01;31:*.zst=01;31:*.tzst=01;31:*.bz2=01;31:*.bz=01;31:*.tbz=01;31:*.tbz2=01;31:*.tz=01;31:*.deb=01;31:*.rpm=01;31:*.jar=01;31:*.war=01;31:*.ear=01;31:*.sar=01;31:*.rar=01;31:*.alz=01;31:*.ace=01;31:*.zoo=01;31:*.cpio=01;31:*.7z=01;31:*.rz=01;31:*.cab=01;31:*.wim=01;31:*.swm=01;31:*.dwm=01;31:*.esd=01;31:*.avif=01;35:*.jpg=01;35:*.jpeg=01;35:*.mjpg=01;35:*.mjpeg=01;35:*.gif=01;35:*.bmp=01;35:*.pbm=01;35:*.pgm=01;35:*.ppm=01;35:*.tga=01;35:*.xbm=01;35:*.xpm=01;35:*.tif=01;35:*.tiff=01;35:*.png=01;35:*.svg=01;35:*.svgz=01;35:*.mng=01;35:*.pcx=01;35:*.mov=01;35:*.mpg=01;35:*.mpeg=01;35:*.m2v=01;35:*.mkv=01;35:*.webm=01;35:*.webp=01;35:*.ogm=01;35:*.mp4=01;35:*.m4v=01;35:*.mp4v=01;35:*.vob=01;35:*.qt=01;35:*.nuv=01;35:*.wmv=01;35:*.asf=01;35:*.rm=01;35:*.rmvb=01;35:*.flc=01;35:*.avi=01;35:*.fli=01;35:*.flv=01;35:*.gl=01;35:*.dl=01;35:*.xcf=01;35:*.xwd=01;35:*.yuv=01;35:*.cgm=01;35:*.emf=01;35:*.ogv=01;35:*.ogx=01;35:*.aac=00;36:*.au=00;36:*.flac=00;36:*.m4a=00;36:*.mid=00;36:*.midi=00;36:*.mka=00;36:*.mp3=00;36:*.mpc=00;36:*.ogg=00;36:*.ra=00;36:*.wav=00;36:*.oga=00;36:*.opus=00;36:*.spx=00;36:*.xspf=00;36:*~=00;90:*#=00;90:*.bak=00;90:*.crdownload=00;90:*.dpkg-dist=00;90:*.dpkg-new=00;90:*.dpkg-old=00;90:*.dpkg-tmp=00;90:*.old=00;90:*.orig=00;90:*.part=00;90:*.rej=00;90:*.rpmnew=00;90:*.rpmorig=00;90:*.rpmsave=00;90:*.swp=00;90:*.tmp=00;90:*.ucf-dist=00;90:*.ucf-new=00;90:*.ucf-old=00;90:', 'GNOME_TERMINAL_SERVICE': ':1.175', 'SSH_AUTH_SOCK': '/run/user/1000/keyring/ssh', 'AMENT_PREFIX_PATH': '/home/omar/microros_ws/install/micro_ros_setup:/home/omar/microros_ws/install/micro_ros_agent:/home/omar/microros_ws/install/micro_ros_msgs:/opt/ros/jazzy', 'SHELL': '/bin/bash', 'QT_ACCESSIBILITY': '1', 'GDMSESSION': 'ubuntu', 'LESSCLOSE': '/usr/bin/lesspipe %s %s', 'ROS_AUTOMATIC_DISCOVERY_RANGE': 'SUBNET', 'QT_IM_MODULE': 'ibus', 'PWD': '/home/omar/amrws/build/camera_drivers', 'LC_ALL': 'en_US.UTF-8', 'XDG_CONFIG_DIRS': '/etc/xdg/xdg-ubuntu:/etc/xdg', 'PYENV_ROOT': '/home/omar/.pyenv', 'XDG_DATA_DIRS': '/usr/share/ubuntu:/usr/share/gnome:/usr/local/share/:/usr/share/:/var/lib/snapd/desktop', 'PYTHONPATH': '/home/omar/amrws/build/camera_drivers/prefix_override:/usr/lib/python3/dist-packages/colcon_core/task/python/colcon_distutils_commands:/home/omar/amrws/install/camera_drivers/lib/python3.12/site-packages:/home/omar/microros_ws/install/micro_ros_msgs/lib/python3.12/site-packages:/opt/ros/jazzy/lib/python3.12/site-packages', 'COLCON': '1', 'MEMORY_PRESSURE_WRITE': 'c29tZSAyMDAwMDAgMjAwMDAwMAA=', 'VTE_VERSION': '7600', 'CMAKE_PREFIX_PATH': '/home/omar/microros_ws/install/micro_ros_setup:/home/omar/microros_ws/install/micro_ros_agent:/home/omar/microros_ws/install/micro_ros_msgs:/opt/ros/jazzy/opt/gz_sim_vendor:/opt/ros/jazzy/opt/gz_sensors_vendor:/opt/ros/jazzy/opt/gz_physics_vendor:/opt/ros/jazzy/opt/sdformat_vendor:/opt/ros/jazzy/opt/gz_gui_vendor:/opt/ros/jazzy/opt/gz_transport_vendor:/opt/ros/jazzy/opt/gz_rendering_vendor:/opt/ros/jazzy/opt/gz_plugin_vendor:/opt/ros/jazzy/opt/gz_fuel_tools_vendor:/opt/ros/jazzy/opt/gz_msgs_vendor:/opt/ros/jazzy/opt/gz_common_vendor:/opt/ros/jazzy/opt/gz_math_vendor:/opt/ros/jazzy/opt/gz_utils_vendor:/opt/ros/jazzy/opt/gz_tools_vendor:/opt/ros/jazzy/opt/gz_ogre_next_vendor:/opt/ros/jazzy/opt/gz_dartsim_vendor:/opt/ros/jazzy/opt/gz_cmake_vendor'}, 'shell': False}
[8.180795] (-) TimerEvent: {}
[8.183744] (robot_kinematics_pkg) Command: {'cmd': ['/usr/bin/python3', '-W', 'ignore:setup.py install is deprecated', '-W', 'ignore:easy_install command is deprecated', 'setup.py', 'egg_info', '--egg-base', '../../../build/robot_kinematics_pkg', 'build', '--build-base', '/home/omar/amrws/build/robot_kinematics_pkg/build', 'install', '--record', '/home/omar/amrws/build/robot_kinematics_pkg/install.log', '--install-scripts', '$base/lib/robot_kinematics_pkg', '--single-version-externally-managed', 'install_data'], 'cwd': '/home/omar/amrws/src/MIA_training_competion2026/robot_kinematics_pkg', 'env': {'LESSOPEN': '| /usr/bin/lesspipe %s', 'GZ_SIM_RESOURCE_PATH': '/opt/ros/jazzy/share', 'USER': 'omar', 'GZ_CONFIG_PATH': '/opt/ros/jazzy/opt/gz_sim_vendor/share/gz:/opt/ros/jazzy/opt/sdformat_vendor/share/gz:/opt/ros/jazzy/opt/gz_gui_vendor/share/gz:/opt/ros/jazzy/opt/gz_transport_vendor/share/gz:/opt/ros/jazzy/opt/gz_rendering_vendor/share/gz:/opt/ros/jazzy/opt/gz_plugin_vendor/share/gz:/opt/ros/jazzy/opt/gz_fuel_tools_vendor/share/gz:/opt/ros/jazzy/opt/gz_msgs_vendor/share/gz:/opt/ros/jazzy/opt/gz_common_vendor/share/gz', 'XDG_SESSION_TYPE': 'wayland', 'SHLVL': '1', 'LD_LIBRARY_PATH': '/home/omar/microros_ws/install/micro_ros_agent/lib:/home/omar/microros_ws/install/micro_ros_msgs/lib:/opt/ros/jazzy/opt/gz_sim_vendor/lib:/opt/ros/jazzy/opt/gz_sensors_vendor/lib:/opt/ros/jazzy/opt/gz_physics_vendor/lib:/opt/ros/jazzy/opt/sdformat_vendor/lib:/opt/ros/jazzy/opt/rviz_ogre_vendor/lib:/opt/ros/jazzy/lib/x86_64-linux-gnu:/opt/ros/jazzy/opt/gz_gui_vendor/lib:/opt/ros/jazzy/opt/gz_transport_vendor/lib:/opt/ros/jazzy/opt/gz_rendering_vendor/lib:/opt/ros/jazzy/opt/gz_plugin_vendor/lib:/opt/ros/jazzy/opt/gz_fuel_tools_vendor/lib:/opt/ros/jazzy/opt/gz_msgs_vendor/lib:/opt/ros/jazzy/opt/gz_common_vendor/lib:/opt/ros/jazzy/opt/gz_math_vendor/lib:/opt/ros/jazzy/opt/gz_utils_vendor/lib:/opt/ros/jazzy/opt/gz_tools_vendor/lib:/opt/ros/jazzy/opt/gz_ogre_next_vendor/lib:/opt/ros/jazzy/opt/gz_dartsim_vendor/lib:/opt/ros/jazzy/opt/gz_cmake_vendor/lib:/opt/ros/jazzy/lib', 'HOME': '/home/omar', 'OLDPWD': '/home/omar', 'DESKTOP_SESSION': 'ubuntu', 'PYENV_SHELL': 'bash', 'ROS_PYTHON_VERSION': '3', 'GNOME_SHELL_SESSION_MODE': 'ubuntu', 'GTK_MODULES': 'gail:atk-bridge', 'SYSTEMD_EXEC_PID': '2765', 'GSM_SKIP_SSH_AGENT_WORKAROUND': 'true', 'DBUS_SESSION_BUS_ADDRESS': 'unix:path=/run/user/1000/bus', 'COLORTERM': 'truecolor', 'GNOME_KEYRING_CONTROL': '/run/user/1000/keyring', 'DEBUGINFOD_URLS': 'https://debuginfod.ubuntu.com', 'IM_CONFIG_PHASE': '1', 'WAYLAND_DISPLAY': 'wayland-0', 'COLCON_PREFIX_PATH': '/home/omar/microros_ws/install', 'ROS_DISTRO': 'jazzy', 'LOGNAME': 'omar', '_': '/usr/bin/colcon', 'ROS_VERSION': '2', 'MEMORY_PRESSURE_WATCH': '/sys/fs/cgroup/user.slice/user-1000.slice/user@1000.service/session.slice/org.gnome.SettingsDaemon.MediaKeys.service/memory.pressure', 'XDG_SESSION_CLASS': 'user', 'USERNAME': 'omar', 'STM32_PRG_PATH': '/home/omar/STMicroelectronics/STM32Cube/STM32CubeProgrammer/bin', 'TERM': 'xterm-256color', 'GNOME_DESKTOP_SESSION_ID': 'this-is-deprecated', 'PATH': '/opt/ros/jazzy/opt/gz_msgs_vendor/bin:/opt/ros/jazzy/opt/gz_tools_vendor/bin:/opt/ros/jazzy/opt/gz_ogre_next_vendor/bin:/opt/ros/jazzy/bin:/home/omar/.pyenv/shims:/home/omar/.pyenv/bin:/home/omar/.local/bin:/usr/local/sbin:/usr/local/bin:/usr/sbin:/usr/bin:/sbin:/bin:/usr/games:/usr/local/games:/snap/bin:/snap/bin', 'SESSION_MANAGER': 'local/omar-Aspire-A315-53:@/tmp/.ICE-unix/2582,unix/omar-Aspire-A315-53:/tmp/.ICE-unix/2582', 'XDG_MENU_PREFIX': 'gnome-', 'GNOME_TERMINAL_SCREEN': '/org/gnome/Terminal/screen/540d1515_467e_4681_aa71_d1071492844f', 'GNOME_SETUP_DISPLAY': ':1', 'XDG_RUNTIME_DIR': '/run/user/1000', 'DISPLAY': ':0', 'LANG': 'en_US.UTF-8', 'XDG_CURRENT_DESKTOP': 'ubuntu:GNOME', 'XMODIFIERS': '@im=ibus', 'XDG_SESSION_DESKTOP': 'ubuntu', 'XAUTHORITY': '/run/user/1000/.mutter-Xwaylandauth.TNHDV3', 'LS_COLORS': 'rs=0:di=01;34:ln=01;36:mh=00:pi=40;33:so=01;35:do=01;35:bd=40;33;01:cd=40;33;01:or=40;31;01:mi=00:su=37;41:sg=30;43:ca=00:tw=30;42:ow=34;42:st=37;44:ex=01;32:*.tar=01;31:*.tgz=01;31:*.arc=01;31:*.arj=01;31:*.taz=01;31:*.lha=01;31:*.lz4=01;31:*.lzh=01;31:*.lzma=01;31:*.tlz=01;31:*.txz=01;31:*.tzo=01;31:*.t7z=01;31:*.zip=01;31:*.z=01;31:*.dz=01;31:*.gz=01;31:*.lrz=01;31:*.lz=01;31:*.lzo=01;31:*.xz=01;31:*.zst=01;31:*.tzst=01;31:*.bz2=01;31:*.bz=01;31:*.tbz=01;31:*.tbz2=01;31:*.tz=01;31:*.deb=01;31:*.rpm=01;31:*.jar=01;31:*.war=01;31:*.ear=01;31:*.sar=01;31:*.rar=01;31:*.alz=01;31:*.ace=01;31:*.zoo=01;31:*.cpio=01;31:*.7z=01;31:*.rz=01;31:*.cab=01;31:*.wim=01;31:*.swm=01;31:*.dwm=01;31:*.esd=01;31:*.avif=01;35:*.jpg=01;35:*.jpeg=01;35:*.mjpg=01;35:*.mjpeg=01;35:*.gif=01;35:*.bmp=01;35:*.pbm=01;35:*.pgm=01;35:*.ppm=01;35:*.tga=01;35:*.xbm=01;35:*.xpm=01;35:*.tif=01;35:*.tiff=01;35:*.png=01;35:*.svg=01;35:*.svgz=01;35:*.mng=01;35:*.pcx=01;35:*.mov=01;35:*.mpg=01;35:*.mpeg=01;35:*.m2v=01;35:*.mkv=01;35:*.webm=01;35:*.webp=01;35:*.ogm=01;35:*.mp4=01;35:*.m4v=01;35:*.mp4v=01;35:*.vob=01;35:*.qt=01;35:*.nuv=01;35:*.wmv=01;35:*.asf=01;35:*.rm=01;35:*.rmvb=01;35:*.flc=01;35:*.avi=01;35:*.fli=01;35:*.flv=01;35:*.gl=01;35:*.dl=01;35:*.xcf=01;35:*.xwd=01;35:*.yuv=01;35:*.cgm=01;35:*.emf=01;35:*.ogv=01;35:*.ogx=01;35:*.aac=00;36:*.au=00;36:*.flac=00;36:*.m4a=00;36:*.mid=00;36:*.midi=00;36:*.mka=00;36:*.mp3=00;36:*.mpc=00;36:*.ogg=00;36:*.ra=00;36:*.wav=00;36:*.oga=00;36:*.opus=00;36:*.spx=00;36:*.xspf=00;36:*~=00;90:*#=00;90:*.bak=00;90:*.crdownload=00;90:*.dpkg-dist=00;90:*.dpkg-new=00;90:*.dpkg-old=00;90:*.dpkg-tmp=00;90:*.old=00;90:*.orig=00;90:*.part=00;90:*.rej=00;90:*.rpmnew=00;90:*.rpmorig=00;90:*.rpmsave=00;90:*.swp=00;90:*.tmp=00;90:*.ucf-dist=00;90:*.ucf-new=00;90:*.ucf-old=00;90:', 'GNOME_TERMINAL_SERVICE': ':1.175', 'SSH_AUTH_SOCK': '/run/user/1000/keyring/ssh', 'AMENT_PREFIX_PATH': '/home/omar/microros_ws/install/micro_ros_setup:/home/omar/microros_ws/install/micro_ros_agent:/home/omar/microros_ws/install/micro_ros_msgs:/opt/ros/jazzy', 'SHELL': '/bin/bash', 'QT_ACCESSIBILITY': '1', 'GDMSESSION': 'ubuntu', 'LESSCLOSE': '/usr/bin/lesspipe %s %s', 'ROS_AUTOMATIC_DISCOVERY_RANGE': 'SUBNET', 'QT_IM_MODULE': 'ibus', 'PWD': '/home/omar/amrws/build/robot_kinematics_pkg', 'LC_ALL': 'en_US.UTF-8', 'XDG_CONFIG_DIRS': '/etc/xdg/xdg-ubuntu:/etc/xdg', 'PYENV_ROOT': '/home/omar/.pyenv', 'XDG_DATA_DIRS': '/usr/share/ubuntu:/usr/share/gnome:/usr/local/share/:/usr/share/:/var/lib/snapd/desktop', 'PYTHONPATH': '/home/omar/amrws/build/robot_kinematics_pkg/prefix_override:/usr/lib/python3/dist-packages/colcon_core/task/python/colcon_distutils_commands:/home/omar/amrws/install/robot_kinematics_pkg/lib/python3.12/site-packages:/home/omar/microros_ws/install/micro_ros_msgs/lib/python3.12/site-packages:/opt/ros/jazzy/lib/python3.12/site-packages', 'COLCON': '1', 'MEMORY_PRESSURE_WRITE': 'c29tZSAyMDAwMDAgMjAwMDAwMAA=', 'VTE_VERSION': '7600', 'CMAKE_PREFIX_PATH': '/home/omar/microros_ws/install/micro_ros_setup:/home/omar/microros_ws/install/micro_ros_agent:/home/omar/microros_ws/install/micro_ros_msgs:/opt/ros/jazzy/opt/gz_sim_vendor:/opt/ros/jazzy/opt/gz_sensors_vendor:/opt/ros/jazzy/opt/gz_physics_vendor:/opt/ros/jazzy/opt/sdformat_vendor:/opt/ros/jazzy/opt/gz_gui_vendor:/opt/ros/jazzy/opt/gz_transport_vendor:/opt/ros/jazzy/opt/gz_rendering_vendor:/opt/ros/jazzy/opt/gz_plugin_vendor:/opt/ros/jazzy/opt/gz_fuel_tools_vendor:/opt/ros/jazzy/opt/gz_msgs_vendor:/opt/ros/jazzy/opt/gz_common_vendor:/opt/ros/jazzy/opt/gz_math_vendor:/opt/ros/jazzy/opt/gz_utils_vendor:/opt/ros/jazzy/opt/gz_tools_vendor:/opt/ros/jazzy/opt/gz_ogre_next_vendor:/opt/ros/jazzy/opt/gz_dartsim_vendor:/opt/ros/jazzy/opt/gz_cmake_vendor'}, 'shell': False}
[8.197254] (competetion_bringup) Command: {'cmd': ['/usr/bin/python3', '-W', 'ignore:setup.py install is deprecated', '-W', 'ignore:easy_install command is deprecated', 'setup.py', 'egg_info', '--egg-base', '../../../build/competetion_bringup', 'build', '--build-base', '/home/omar/amrws/build/competetion_bringup/build', 'install', '--record', '/home/omar/amrws/build/competetion_bringup/install.log', '--install-scripts', '$base/lib/competetion_bringup', '--single-version-externally-managed', 'install_data'], 'cwd': '/home/omar/amrws/src/MIA_training_competion2026/competetion_bringup', 'env': {'LESSOPEN': '| /usr/bin/lesspipe %s', 'GZ_SIM_RESOURCE_PATH': '/opt/ros/jazzy/share', 'USER': 'omar', 'GZ_CONFIG_PATH': '/opt/ros/jazzy/opt/gz_sim_vendor/share/gz:/opt/ros/jazzy/opt/sdformat_vendor/share/gz:/opt/ros/jazzy/opt/gz_gui_vendor/share/gz:/opt/ros/jazzy/opt/gz_transport_vendor/share/gz:/opt/ros/jazzy/opt/gz_rendering_vendor/share/gz:/opt/ros/jazzy/opt/gz_plugin_vendor/share/gz:/opt/ros/jazzy/opt/gz_fuel_tools_vendor/share/gz:/opt/ros/jazzy/opt/gz_msgs_vendor/share/gz:/opt/ros/jazzy/opt/gz_common_vendor/share/gz', 'XDG_SESSION_TYPE': 'wayland', 'SHLVL': '1', 'LD_LIBRARY_PATH': '/home/omar/microros_ws/install/micro_ros_agent/lib:/home/omar/microros_ws/install/micro_ros_msgs/lib:/opt/ros/jazzy/opt/gz_sim_vendor/lib:/opt/ros/jazzy/opt/gz_sensors_vendor/lib:/opt/ros/jazzy/opt/gz_physics_vendor/lib:/opt/ros/jazzy/opt/sdformat_vendor/lib:/opt/ros/jazzy/opt/rviz_ogre_vendor/lib:/opt/ros/jazzy/lib/x86_64-linux-gnu:/opt/ros/jazzy/opt/gz_gui_vendor/lib:/opt/ros/jazzy/opt/gz_transport_vendor/lib:/opt/ros/jazzy/opt/gz_rendering_vendor/lib:/opt/ros/jazzy/opt/gz_plugin_vendor/lib:/opt/ros/jazzy/opt/gz_fuel_tools_vendor/lib:/opt/ros/jazzy/opt/gz_msgs_vendor/lib:/opt/ros/jazzy/opt/gz_common_vendor/lib:/opt/ros/jazzy/opt/gz_math_vendor/lib:/opt/ros/jazzy/opt/gz_utils_vendor/lib:/opt/ros/jazzy/opt/gz_tools_vendor/lib:/opt/ros/jazzy/opt/gz_ogre_next_vendor/lib:/opt/ros/jazzy/opt/gz_dartsim_vendor/lib:/opt/ros/jazzy/opt/gz_cmake_vendor/lib:/opt/ros/jazzy/lib', 'HOME': '/home/omar', 'OLDPWD': '/home/omar', 'DESKTOP_SESSION': 'ubuntu', 'PYENV_SHELL': 'bash', 'ROS_PYTHON_VERSION': '3', 'GNOME_SHELL_SESSION_MODE': 'ubuntu', 'GTK_MODULES': 'gail:atk-bridge', 'SYSTEMD_EXEC_PID': '2765', 'GSM_SKIP_SSH_AGENT_WORKAROUND': 'true', 'DBUS_SESSION_BUS_ADDRESS': 'unix:path=/run/user/1000/bus', 'COLORTERM': 'truecolor', 'GNOME_KEYRING_CONTROL': '/run/user/1000/keyring', 'DEBUGINFOD_URLS': 'https://debuginfod.ubuntu.com', 'IM_CONFIG_PHASE': '1', 'WAYLAND_DISPLAY': 'wayland-0', 'COLCON_PREFIX_PATH': '/home/omar/microros_ws/install', 'ROS_DISTRO': 'jazzy', 'LOGNAME': 'omar', '_': '/usr/bin/colcon', 'ROS_VERSION': '2', 'MEMORY_PRESSURE_WATCH': '/sys/fs/cgroup/user.slice/user-1000.slice/user@1000.service/session.slice/org.gnome.SettingsDaemon.MediaKeys.service/memory.pressure', 'XDG_SESSION_CLASS': 'user', 'USERNAME': 'omar', 'STM32_PRG_PATH': '/home/omar/STMicroelectronics/STM32Cube/STM32CubeProgrammer/bin', 'TERM': 'xterm-256color', 'GNOME_DESKTOP_SESSION_ID': 'this-is-deprecated', 'PATH': '/opt/ros/jazzy/opt/gz_msgs_vendor/bin:/opt/ros/jazzy/opt/gz_tools_vendor/bin:/opt/ros/jazzy/opt/gz_ogre_next_vendor/bin:/opt/ros/jazzy/bin:/home/omar/.pyenv/shims:/home/omar/.pyenv/bin:/home/omar/.local/bin:/usr/local/sbin:/usr/local/bin:/usr/sbin:/usr/bin:/sbin:/bin:/usr/games:/usr/local/games:/snap/bin:/snap/bin', 'SESSION_MANAGER': 'local/omar-Aspire-A315-53:@/tmp/.ICE-unix/2582,unix/omar-Aspire-A315-53:/tmp/.ICE-unix/2582', 'XDG_MENU_PREFIX': 'gnome-', 'GNOME_TERMINAL_SCREEN': '/org/gnome/Terminal/screen/540d1515_467e_4681_aa71_d1071492844f', 'GNOME_SETUP_DISPLAY': ':1', 'XDG_RUNTIME_DIR': '/run/user/1000', 'DISPLAY': ':0', 'LANG': 'en_US.UTF-8', 'XDG_CURRENT_DESKTOP': 'ubuntu:GNOME', 'XMODIFIERS': '@im=ibus', 'XDG_SESSION_DESKTOP': 'ubuntu', 'XAUTHORITY': '/run/user/1000/.mutter-Xwaylandauth.TNHDV3', 'LS_COLORS': 'rs=0:di=01;34:ln=01;36:mh=00:pi=40;33:so=01;35:do=01;35:bd=40;33;01:cd=40;33;01:or=40;31;01:mi=00:su=37;41:sg=30;43:ca=00:tw=30;42:ow=34;42:st=37;44:ex=01;32:*.tar=01;31:*.tgz=01;31:*.arc=01;31:*.arj=01;31:*.taz=01;31:*.lha=01;31:*.lz4=01;31:*.lzh=01;31:*.lzma=01;31:*.tlz=01;31:*.txz=01;31:*.tzo=01;31:*.t7z=01;31:*.zip=01;31:*.z=01;31:*.dz=01;31:*.gz=01;31:*.lrz=01;31:*.lz=01;31:*.lzo=01;31:*.xz=01;31:*.zst=01;31:*.tzst=01;31:*.bz2=01;31:*.bz=01;31:*.tbz=01;31:*.tbz2=01;31:*.tz=01;31:*.deb=01;31:*.rpm=01;31:*.jar=01;31:*.war=01;31:*.ear=01;31:*.sar=01;31:*.rar=01;31:*.alz=01;31:*.ace=01;31:*.zoo=01;31:*.cpio=01;31:*.7z=01;31:*.rz=01;31:*.cab=01;31:*.wim=01;31:*.swm=01;31:*.dwm=01;31:*.esd=01;31:*.avif=01;35:*.jpg=01;35:*.jpeg=01;35:*.mjpg=01;35:*.mjpeg=01;35:*.gif=01;35:*.bmp=01;35:*.pbm=01;35:*.pgm=01;35:*.ppm=01;35:*.tga=01;35:*.xbm=01;35:*.xpm=01;35:*.tif=01;35:*.tiff=01;35:*.png=01;35:*.svg=01;35:*.svgz=01;35:*.mng=01;35:*.pcx=01;35:*.mov=01;35:*.mpg=01;35:*.mpeg=01;35:*.m2v=01;35:*.mkv=01;35:*.webm=01;35:*.webp=01;35:*.ogm=01;35:*.mp4=01;35:*.m4v=01;35:*.mp4v=01;35:*.vob=01;35:*.qt=01;35:*.nuv=01;35:*.wmv=01;35:*.asf=01;35:*.rm=01;35:*.rmvb=01;35:*.flc=01;35:*.avi=01;35:*.fli=01;35:*.flv=01;35:*.gl=01;35:*.dl=01;35:*.xcf=01;35:*.xwd=01;35:*.yuv=01;35:*.cgm=01;35:*.emf=01;35:*.ogv=01;35:*.ogx=01;35:*.aac=00;36:*.au=00;36:*.flac=00;36:*.m4a=00;36:*.mid=00;36:*.midi=00;36:*.mka=00;36:*.mp3=00;36:*.mpc=00;36:*.ogg=00;36:*.ra=00;36:*.wav=00;36:*.oga=00;36:*.opus=00;36:*.spx=00;36:*.xspf=00;36:*~=00;90:*#=00;90:*.bak=00;90:*.crdownload=00;90:*.dpkg-dist=00;90:*.dpkg-new=00;90:*.dpkg-old=00;90:*.dpkg-tmp=00;90:*.old=00;90:*.orig=00;90:*.part=00;90:*.rej=00;90:*.rpmnew=00;90:*.rpmorig=00;90:*.rpmsave=00;90:*.swp=00;90:*.tmp=00;90:*.ucf-dist=00;90:*.ucf-new=00;90:*.ucf-old=00;90:', 'GNOME_TERMINAL_SERVICE': ':1.175', 'SSH_AUTH_SOCK': '/run/user/1000/keyring/ssh', 'AMENT_PREFIX_PATH': '/home/omar/microros_ws/install/micro_ros_setup:/home/omar/microros_ws/install/micro_ros_agent:/home/omar/microros_ws/install/micro_ros_msgs:/opt/ros/jazzy', 'SHELL': '/bin/bash', 'QT_ACCESSIBILITY': '1', 'GDMSESSION': 'ubuntu', 'LESSCLOSE': '/usr/bin/lesspipe %s %s', 'ROS_AUTOMATIC_DISCOVERY_RANGE': 'SUBNET', 'QT_IM_MODULE': 'ibus', 'PWD': '/home/omar/amrws/build/competetion_bringup', 'LC_ALL': 'en_US.UTF-8', 'XDG_CONFIG_DIRS': '/etc/xdg/xdg-ubuntu:/etc/xdg', 'PYENV_ROOT': '/home/omar/.pyenv', 'XDG_DATA_DIRS': '/usr/share/ubuntu:/usr/share/gnome:/usr/local/share/:/usr/share/:/var/lib/snapd/desktop', 'PYTHONPATH': '/home/omar/amrws/build/competetion_bringup/prefix_override:/usr/lib/python3/dist-packages/colcon_core/task/python/colcon_distutils_commands:/home/omar/amrws/install/competetion_bringup/lib/python3.12/site-packages:/home/omar/microros_ws/install/micro_ros_msgs/lib/python3.12/site-packages:/opt/ros/jazzy/lib/python3.12/site-packages', 'COLCON': '1', 'MEMORY_PRESSURE_WRITE': 'c29tZSAyMDAwMDAgMjAwMDAwMAA=', 'VTE_VERSION': '7600', 'CMAKE_PREFIX_PATH': '/home/omar/microros_ws/install/micro_ros_setup:/home/omar/microros_ws/install/micro_ros_agent:/home/omar/microros_ws/install/micro_ros_msgs:/opt/ros/jazzy/opt/gz_sim_vendor:/opt/ros/jazzy/opt/gz_sensors_vendor:/opt/ros/jazzy/opt/gz_physics_vendor:/opt/ros/jazzy/opt/sdformat_vendor:/opt/ros/jazzy/opt/gz_gui_vendor:/opt/ros/jazzy/opt/gz_transport_vendor:/opt/ros/jazzy/opt/gz_rendering_vendor:/opt/ros/jazzy/opt/gz_plugin_vendor:/opt/ros/jazzy/opt/gz_fuel_tools_vendor:/opt/ros/jazzy/opt/gz_msgs_vendor:/opt/ros/jazzy/opt/gz_common_vendor:/opt/ros/jazzy/opt/gz_math_vendor:/opt/ros/jazzy/opt/gz_utils_vendor:/opt/ros/jazzy/opt/gz_tools_vendor:/opt/ros/jazzy/opt/gz_ogre_next_vendor:/opt/ros/jazzy/opt/gz_dartsim_vendor:/opt/ros/jazzy/opt/gz_cmake_vendor'}, 'shell': False}
[8.201545] (amr_khaled) Command: {'cmd': ['/usr/bin/python3', '-W', 'ignore:setup.py install is deprecated', '-W', 'ignore:easy_install command is deprecated', 'setup.py', 'egg_info', '--egg-base', '../../build/amr_khaled', 'build', '--build-base', '/home/omar/amrws/build/amr_khaled/build', 'install', '--record', '/home/omar/amrws/build/amr_khaled/install.log', '--install-scripts', '$base/lib/amr_khaled', '--single-version-externally-managed', 'install_data'], 'cwd': '/home/omar/amrws/src/amr_khaled', 'env': {'LESSOPEN': '| /usr/bin/lesspipe %s', 'GZ_SIM_RESOURCE_PATH': '/opt/ros/jazzy/share', 'USER': 'omar', 'GZ_CONFIG_PATH': '/opt/ros/jazzy/opt/gz_sim_vendor/share/gz:/opt/ros/jazzy/opt/sdformat_vendor/share/gz:/opt/ros/jazzy/opt/gz_gui_vendor/share/gz:/opt/ros/jazzy/opt/gz_transport_vendor/share/gz:/opt/ros/jazzy/opt/gz_rendering_vendor/share/gz:/opt/ros/jazzy/opt/gz_plugin_vendor/share/gz:/opt/ros/jazzy/opt/gz_fuel_tools_vendor/share/gz:/opt/ros/jazzy/opt/gz_msgs_vendor/share/gz:/opt/ros/jazzy/opt/gz_common_vendor/share/gz', 'XDG_SESSION_TYPE': 'wayland', 'SHLVL': '1', 'LD_LIBRARY_PATH': '/home/omar/microros_ws/install/micro_ros_agent/lib:/home/omar/microros_ws/install/micro_ros_msgs/lib:/opt/ros/jazzy/opt/gz_sim_vendor/lib:/opt/ros/jazzy/opt/gz_sensors_vendor/lib:/opt/ros/jazzy/opt/gz_physics_vendor/lib:/opt/ros/jazzy/opt/sdformat_vendor/lib:/opt/ros/jazzy/opt/rviz_ogre_vendor/lib:/opt/ros/jazzy/lib/x86_64-linux-gnu:/opt/ros/jazzy/opt/gz_gui_vendor/lib:/opt/ros/jazzy/opt/gz_transport_vendor/lib:/opt/ros/jazzy/opt/gz_rendering_vendor/lib:/opt/ros/jazzy/opt/gz_plugin_vendor/lib:/opt/ros/jazzy/opt/gz_fuel_tools_vendor/lib:/opt/ros/jazzy/opt/gz_msgs_vendor/lib:/opt/ros/jazzy/opt/gz_common_vendor/lib:/opt/ros/jazzy/opt/gz_math_vendor/lib:/opt/ros/jazzy/opt/gz_utils_vendor/lib:/opt/ros/jazzy/opt/gz_tools_vendor/lib:/opt/ros/jazzy/opt/gz_ogre_next_vendor/lib:/opt/ros/jazzy/opt/gz_dartsim_vendor/lib:/opt/ros/jazzy/opt/gz_cmake_vendor/lib:/opt/ros/jazzy/lib', 'HOME': '/home/omar', 'OLDPWD': '/home/omar', 'DESKTOP_SESSION': 'ubuntu', 'PYENV_SHELL': 'bash', 'ROS_PYTHON_VERSION': '3', 'GNOME_SHELL_SESSION_MODE': 'ubuntu', 'GTK_MODULES': 'gail:atk-bridge', 'SYSTEMD_EXEC_PID': '2765', 'GSM_SKIP_SSH_AGENT_WORKAROUND': 'true', 'DBUS_SESSION_BUS_ADDRESS': 'unix:path=/run/user/1000/bus', 'COLORTERM': 'truecolor', 'GNOME_KEYRING_CONTROL': '/run/user/1000/keyring', 'DEBUGINFOD_URLS': 'https://debuginfod.ubuntu.com', 'IM_CONFIG_PHASE': '1', 'WAYLAND_DISPLAY': 'wayland-0', 'COLCON_PREFIX_PATH': '/home/omar/microros_ws/install', 'ROS_DISTRO': 'jazzy', 'LOGNAME': 'omar', '_': '/usr/bin/colcon', 'ROS_VERSION': '2', 'MEMORY_PRESSURE_WATCH': '/sys/fs/cgroup/user.slice/user-1000.slice/user@1000.service/session.slice/org.gnome.SettingsDaemon.MediaKeys.service/memory.pressure', 'XDG_SESSION_CLASS': 'user', 'USERNAME': 'omar', 'STM32_PRG_PATH': '/home/omar/STMicroelectronics/STM32Cube/STM32CubeProgrammer/bin', 'TERM': 'xterm-256color', 'GNOME_DESKTOP_SESSION_ID': 'this-is-deprecated', 'PATH': '/opt/ros/jazzy/opt/gz_msgs_vendor/bin:/opt/ros/jazzy/opt/gz_tools_vendor/bin:/opt/ros/jazzy/opt/gz_ogre_next_vendor/bin:/opt/ros/jazzy/bin:/home/omar/.pyenv/shims:/home/omar/.pyenv/bin:/home/omar/.local/bin:/usr/local/sbin:/usr/local/bin:/usr/sbin:/usr/bin:/sbin:/bin:/usr/games:/usr/local/games:/snap/bin:/snap/bin', 'SESSION_MANAGER': 'local/omar-Aspire-A315-53:@/tmp/.ICE-unix/2582,unix/omar-Aspire-A315-53:/tmp/.ICE-unix/2582', 'XDG_MENU_PREFIX': 'gnome-', 'GNOME_TERMINAL_SCREEN': '/org/gnome/Terminal/screen/540d1515_467e_4681_aa71_d1071492844f', 'GNOME_SETUP_DISPLAY': ':1', 'XDG_RUNTIME_DIR': '/run/user/1000', 'DISPLAY': ':0', 'LANG': 'en_US.UTF-8', 'XDG_CURRENT_DESKTOP': 'ubuntu:GNOME', 'XMODIFIERS': '@im=ibus', 'XDG_SESSION_DESKTOP': 'ubuntu', 'XAUTHORITY': '/run/user/1000/.mutter-Xwaylandauth.TNHDV3', 'LS_COLORS': 'rs=0:di=01;34:ln=01;36:mh=00:pi=40;33:so=01;35:do=01;35:bd=40;33;01:cd=40;33;01:or=40;31;01:mi=00:su=37;41:sg=30;43:ca=00:tw=30;42:ow=34;42:st=37;44:ex=01;32:*.tar=01;31:*.tgz=01;31:*.arc=01;31:*.arj=01;31:*.taz=01;31:*.lha=01;31:*.lz4=01;31:*.lzh=01;31:*.lzma=01;31:*.tlz=01;31:*.txz=01;31:*.tzo=01;31:*.t7z=01;31:*.zip=01;31:*.z=01;31:*.dz=01;31:*.gz=01;31:*.lrz=01;31:*.lz=01;31:*.lzo=01;31:*.xz=01;31:*.zst=01;31:*.tzst=01;31:*.bz2=01;31:*.bz=01;31:*.tbz=01;31:*.tbz2=01;31:*.tz=01;31:*.deb=01;31:*.rpm=01;31:*.jar=01;31:*.war=01;31:*.ear=01;31:*.sar=01;31:*.rar=01;31:*.alz=01;31:*.ace=01;31:*.zoo=01;31:*.cpio=01;31:*.7z=01;31:*.rz=01;31:*.cab=01;31:*.wim=01;31:*.swm=01;31:*.dwm=01;31:*.esd=01;31:*.avif=01;35:*.jpg=01;35:*.jpeg=01;35:*.mjpg=01;35:*.mjpeg=01;35:*.gif=01;35:*.bmp=01;35:*.pbm=01;35:*.pgm=01;35:*.ppm=01;35:*.tga=01;35:*.xbm=01;35:*.xpm=01;35:*.tif=01;35:*.tiff=01;35:*.png=01;35:*.svg=01;35:*.svgz=01;35:*.mng=01;35:*.pcx=01;35:*.mov=01;35:*.mpg=01;35:*.mpeg=01;35:*.m2v=01;35:*.mkv=01;35:*.webm=01;35:*.webp=01;35:*.ogm=01;35:*.mp4=01;35:*.m4v=01;35:*.mp4v=01;35:*.vob=01;35:*.qt=01;35:*.nuv=01;35:*.wmv=01;35:*.asf=01;35:*.rm=01;35:*.rmvb=01;35:*.flc=01;35:*.avi=01;35:*.fli=01;35:*.flv=01;35:*.gl=01;35:*.dl=01;35:*.xcf=01;35:*.xwd=01;35:*.yuv=01;35:*.cgm=01;35:*.emf=01;35:*.ogv=01;35:*.ogx=01;35:*.aac=00;36:*.au=00;36:*.flac=00;36:*.m4a=00;36:*.mid=00;36:*.midi=00;36:*.mka=00;36:*.mp3=00;36:*.mpc=00;36:*.ogg=00;36:*.ra=00;36:*.wav=00;36:*.oga=00;36:*.opus=00;36:*.spx=00;36:*.xspf=00;36:*~=00;90:*#=00;90:*.bak=00;90:*.crdownload=00;90:*.dpkg-dist=00;90:*.dpkg-new=00;90:*.dpkg-old=00;90:*.dpkg-tmp=00;90:*.old=00;90:*.orig=00;90:*.part=00;90:*.rej=00;90:*.rpmnew=00;90:*.rpmorig=00;90:*.rpmsave=00;90:*.swp=00;90:*.tmp=00;90:*.ucf-dist=00;90:*.ucf-new=00;90:*.ucf-old=00;90:', 'GNOME_TERMINAL_SERVICE': ':1.175', 'SSH_AUTH_SOCK': '/run/user/1000/keyring/ssh', 'AMENT_PREFIX_PATH': '/home/omar/microros_ws/install/micro_ros_setup:/home/omar/microros_ws/install/micro_ros_agent:/home/omar/microros_ws/install/micro_ros_msgs:/opt/ros/jazzy', 'SHELL': '/bin/bash', 'QT_ACCESSIBILITY': '1', 'GDMSESSION': 'ubuntu', 'LESSCLOSE': '/usr/bin/lesspipe %s %s', 'ROS_AUTOMATIC_DISCOVERY_RANGE': 'SUBNET', 'QT_IM_MODULE': 'ibus', 'PWD': '/home/omar/amrws/build/amr_khaled', 'LC_ALL': 'en_US.UTF-8', 'XDG_CONFIG_DIRS': '/etc/xdg/xdg-ubuntu:/etc/xdg', 'PYENV_ROOT': '/home/omar/.pyenv', 'XDG_DATA_DIRS': '/usr/share/ubuntu:/usr/share/gnome:/usr/local/share/:/usr/share/:/var/lib/snapd/desktop', 'PYTHONPATH': '/home/omar/amrws/build/amr_khaled/prefix_override:/usr/lib/python3/dist-packages/colcon_core/task/python/colcon_distutils_commands:/home/omar/amrws/install/amr_khaled/lib/python3.12/site-packages:/home/omar/microros_ws/install/micro_ros_msgs/lib/python3.12/site-packages:/opt/ros/jazzy/lib/python3.12/site-packages', 'COLCON': '1', 'MEMORY_PRESSURE_WRITE': 'c29tZSAyMDAwMDAgMjAwMDAwMAA=', 'VTE_VERSION': '7600', 'CMAKE_PREFIX_PATH': '/home/omar/microros_ws/install/micro_ros_setup:/home/omar/microros_ws/install/micro_ros_agent:/home/omar/microros_ws/install/micro_ros_msgs:/opt/ros/jazzy/opt/gz_sim_vendor:/opt/ros/jazzy/opt/gz_sensors_vendor:/opt/ros/jazzy/opt/gz_physics_vendor:/opt/ros/jazzy/opt/sdformat_vendor:/opt/ros/jazzy/opt/gz_gui_vendor:/opt/ros/jazzy/opt/gz_transport_vendor:/opt/ros/jazzy/opt/gz_rendering_vendor:/opt/ros/jazzy/opt/gz_plugin_vendor:/opt/ros/jazzy/opt/gz_fuel_tools_vendor:/opt/ros/jazzy/opt/gz_msgs_vendor:/opt/ros/jazzy/opt/gz_common_vendor:/opt/ros/jazzy/opt/gz_math_vendor:/opt/ros/jazzy/opt/gz_utils_vendor:/opt/ros/jazzy/opt/gz_tools_vendor:/opt/ros/jazzy/opt/gz_ogre_next_vendor:/opt/ros/jazzy/opt/gz_dartsim_vendor:/opt/ros/jazzy/opt/gz_cmake_vendor'}, 'shell': False}
[8.280919] (-) TimerEvent: {}
[8.382562] (-) TimerEvent: {}
[8.485264] (-) TimerEvent: {}
[8.585657] (-) TimerEvent: {}
[8.686049] (-) TimerEvent: {}
[8.788278] (-) TimerEvent: {}
[8.888732] (-) TimerEvent: {}
[8.990072] (-) TimerEvent: {}
[9.090460] (-) TimerEvent: {}
[9.190861] (-) TimerEvent: {}
[9.289188] (robot_kinematics_pkg) StdoutLine: {'line': b'running egg_info\n'}
[9.289535] (robot_kinematics_pkg) StdoutLine: {'line': b'creating ../../../build/robot_kinematics_pkg/robot_kinematics_pkg.egg-info\n'}
[9.290954] (-) TimerEvent: {}
[9.296963] (competetion_bringup) StdoutLine: {'line': b'running egg_info\n'}
[9.297933] (competetion_bringup) StdoutLine: {'line': b'creating ../../../build/competetion_bringup/competetion_bringup.egg-info\n'}
[9.313087] (amr_khaled) StdoutLine: {'line': b'running egg_info\n'}
[9.313963] (amr_khaled) StdoutLine: {'line': b'creating ../../build/amr_khaled/amr_khaled.egg-info\n'}
[9.327232] (camera_drivers) StdoutLine: {'line': b'running egg_info\n'}
[9.327574] (camera_drivers) StdoutLine: {'line': b'creating ../../../build/camera_drivers/camera_drivers.egg-info\n'}
[9.385592] (robot_kinematics_pkg) StdoutLine: {'line': b'writing ../../../build/robot_kinematics_pkg/robot_kinematics_pkg.egg-info/PKG-INFO\n'}
[9.388063] (robot_kinematics_pkg) StdoutLine: {'line': b'writing dependency_links to ../../../build/robot_kinematics_pkg/robot_kinematics_pkg.egg-info/dependency_links.txt\n'}
[9.388383] (robot_kinematics_pkg) StdoutLine: {'line': b'writing entry points to ../../../build/robot_kinematics_pkg/robot_kinematics_pkg.egg-info/entry_points.txt\n'}
[9.388609] (robot_kinematics_pkg) StdoutLine: {'line': b'writing requirements to ../../../build/robot_kinematics_pkg/robot_kinematics_pkg.egg-info/requires.txt\n'}
[9.388815] (robot_kinematics_pkg) StdoutLine: {'line': b'writing top-level names to ../../../build/robot_kinematics_pkg/robot_kinematics_pkg.egg-info/top_level.txt\n'}
[9.389030] (robot_kinematics_pkg) StdoutLine: {'line': b"writing manifest file '../../../build/robot_kinematics_pkg/robot_kinematics_pkg.egg-info/SOURCES.txt'\n"}
[9.391065] (-) TimerEvent: {}
[9.398685] (competetion_bringup) StdoutLine: {'line': b'writing ../../../build/competetion_bringup/competetion_bringup.egg-info/PKG-INFO\n'}
[9.398981] (competetion_bringup) StdoutLine: {'line': b'writing dependency_links to ../../../build/competetion_bringup/competetion_bringup.egg-info/dependency_links.txt\n'}
[9.399790] (competetion_bringup) StdoutLine: {'line': b'writing requirements to ../../../build/competetion_bringup/competetion_bringup.egg-info/requires.txt\n'}
[9.400411] (competetion_bringup) StdoutLine: {'line': b'writing top-level names to ../../../build/competetion_bringup/competetion_bringup.egg-info/top_level.txt\n'}
[9.401091] (competetion_bringup) StdoutLine: {'line': b"writing manifest file '../../../build/competetion_bringup/competetion_bringup.egg-info/SOURCES.txt'\n"}
[9.411816] (amr_khaled) StdoutLine: {'line': b'writing ../../build/amr_khaled/amr_khaled.egg-info/PKG-INFO\n'}
[9.412281] (amr_khaled) StdoutLine: {'line': b'writing dependency_links to ../../build/amr_khaled/amr_khaled.egg-info/dependency_links.txt\n'}
[9.412852] (amr_khaled) StdoutLine: {'line': b'writing entry points to ../../build/amr_khaled/amr_khaled.egg-info/entry_points.txt\n'}
[9.415336] (amr_khaled) StdoutLine: {'line': b'writing requirements to ../../build/amr_khaled/amr_khaled.egg-info/requires.txt\n'}
[9.415559] (amr_khaled) StdoutLine: {'line': b'writing top-level names to ../../build/amr_khaled/amr_khaled.egg-info/top_level.txt\n'}
[9.415765] (amr_khaled) StdoutLine: {'line': b"writing manifest file '../../build/amr_khaled/amr_khaled.egg-info/SOURCES.txt'\n"}
[9.440011] (camera_drivers) StdoutLine: {'line': b'writing ../../../build/camera_drivers/camera_drivers.egg-info/PKG-INFO\n'}
[9.440432] (camera_drivers) StdoutLine: {'line': b'writing dependency_links to ../../../build/camera_drivers/camera_drivers.egg-info/dependency_links.txt\n'}
[9.441127] (camera_drivers) StdoutLine: {'line': b'writing entry points to ../../../build/camera_drivers/camera_drivers.egg-info/entry_points.txt\n'}
[9.441457] (camera_drivers) StdoutLine: {'line': b'writing requirements to ../../../build/camera_drivers/camera_drivers.egg-info/requires.txt\n'}
[9.441770] (camera_drivers) StdoutLine: {'line': b'writing top-level names to ../../../build/camera_drivers/camera_drivers.egg-info/top_level.txt\n'}
[9.444334] (camera_drivers) StdoutLine: {'line': b"writing manifest file '../../../build/camera_drivers/camera_drivers.egg-info/SOURCES.txt'\n"}
[9.491172] (-) TimerEvent: {}
[9.591119] (robot_kinematics_pkg) StdoutLine: {'line': b"reading manifest file '../../../build/robot_kinematics_pkg/robot_kinematics_pkg.egg-info/SOURCES.txt'\n"}
[9.591420] (-) TimerEvent: {}
[9.596766] (robot_kinematics_pkg) StdoutLine: {'line': b"writing manifest file '../../../build/robot_kinematics_pkg/robot_kinematics_pkg.egg-info/SOURCES.txt'\n"}
[9.597169] (robot_kinematics_pkg) StdoutLine: {'line': b'running build\n'}
[9.597545] (robot_kinematics_pkg) StdoutLine: {'line': b'running build_py\n'}
[9.600124] (robot_kinematics_pkg) StdoutLine: {'line': b'creating /home/omar/amrws/build/robot_kinematics_pkg/build\n'}
[9.600538] (robot_kinematics_pkg) StdoutLine: {'line': b'creating /home/omar/amrws/build/robot_kinematics_pkg/build/lib\n'}
[9.600794] (robot_kinematics_pkg) StdoutLine: {'line': b'creating /home/omar/amrws/build/robot_kinematics_pkg/build/lib/robot_kinematics_pkg\n'}
[9.601059] (robot_kinematics_pkg) StdoutLine: {'line': b'copying robot_kinematics_pkg/__init__.py -> /home/omar/amrws/build/robot_kinematics_pkg/build/lib/robot_kinematics_pkg\n'}
[9.601324] (robot_kinematics_pkg) StdoutLine: {'line': b'creating /home/omar/amrws/build/robot_kinematics_pkg/build/lib/robot_kinematics_pkg/kinematics2\n'}
[9.601586] (robot_kinematics_pkg) StdoutLine: {'line': b'copying robot_kinematics_pkg/kinematics2/mecanum_kin.py -> /home/omar/amrws/build/robot_kinematics_pkg/build/lib/robot_kinematics_pkg/kinematics2\n'}
[9.601843] (robot_kinematics_pkg) StdoutLine: {'line': b'copying robot_kinematics_pkg/kinematics2/__init__.py -> /home/omar/amrws/build/robot_kinematics_pkg/build/lib/robot_kinematics_pkg/kinematics2\n'}
[9.602095] (robot_kinematics_pkg) StdoutLine: {'line': b'copying robot_kinematics_pkg/kinematics2/kinematics2.py -> /home/omar/amrws/build/robot_kinematics_pkg/build/lib/robot_kinematics_pkg/kinematics2\n'}
[9.602352] (robot_kinematics_pkg) StdoutLine: {'line': b'copying robot_kinematics_pkg/kinematics2/diff_kin_2wheels.py -> /home/omar/amrws/build/robot_kinematics_pkg/build/lib/robot_kinematics_pkg/kinematics2\n'}
[9.602603] (robot_kinematics_pkg) StdoutLine: {'line': b'copying robot_kinematics_pkg/kinematics2/diff_kin.py -> /home/omar/amrws/build/robot_kinematics_pkg/build/lib/robot_kinematics_pkg/kinematics2\n'}
[9.605100] (robot_kinematics_pkg) StdoutLine: {'line': b'creating /home/omar/amrws/build/robot_kinematics_pkg/build/lib/robot_kinematics_pkg/scripts\n'}
[9.606158] (robot_kinematics_pkg) StdoutLine: {'line': b'copying robot_kinematics_pkg/scripts/__init__.py -> /home/omar/amrws/build/robot_kinematics_pkg/build/lib/robot_kinematics_pkg/scripts\n'}
[9.607082] (robot_kinematics_pkg) StdoutLine: {'line': b'copying robot_kinematics_pkg/scripts/Ros_node.py -> /home/omar/amrws/build/robot_kinematics_pkg/build/lib/robot_kinematics_pkg/scripts\n'}
[9.607470] (robot_kinematics_pkg) StdoutLine: {'line': b'creating /home/omar/amrws/build/robot_kinematics_pkg/build/lib/robot_kinematics_pkg/kinematics1\n'}
[9.607688] (robot_kinematics_pkg) StdoutLine: {'line': b'copying robot_kinematics_pkg/kinematics1/__init__.py -> /home/omar/amrws/build/robot_kinematics_pkg/build/lib/robot_kinematics_pkg/kinematics1\n'}
[9.607938] (robot_kinematics_pkg) StdoutLine: {'line': b'copying robot_kinematics_pkg/kinematics1/omni6_kin.py -> /home/omar/amrws/build/robot_kinematics_pkg/build/lib/robot_kinematics_pkg/kinematics1\n'}
[9.608212] (robot_kinematics_pkg) StdoutLine: {'line': b'copying robot_kinematics_pkg/kinematics1/omni4_kin.py -> /home/omar/amrws/build/robot_kinematics_pkg/build/lib/robot_kinematics_pkg/kinematics1\n'}
[9.608465] (robot_kinematics_pkg) StdoutLine: {'line': b'copying robot_kinematics_pkg/kinematics1/omni3_kin.py -> /home/omar/amrws/build/robot_kinematics_pkg/build/lib/robot_kinematics_pkg/kinematics1\n'}
[9.608727] (robot_kinematics_pkg) StdoutLine: {'line': b'copying robot_kinematics_pkg/kinematics1/kinematics.py -> /home/omar/amrws/build/robot_kinematics_pkg/build/lib/robot_kinematics_pkg/kinematics1\n'}
[9.609098] (robot_kinematics_pkg) StdoutLine: {'line': b'creating /home/omar/amrws/build/robot_kinematics_pkg/build/lib/robot_kinematics_pkg/scripts/diff\n'}
[9.609350] (robot_kinematics_pkg) StdoutLine: {'line': b'copying robot_kinematics_pkg/scripts/diff/__init__.py -> /home/omar/amrws/build/robot_kinematics_pkg/build/lib/robot_kinematics_pkg/scripts/diff\n'}
[9.609671] (robot_kinematics_pkg) StdoutLine: {'line': b'copying robot_kinematics_pkg/scripts/diff/diff_invers_new_r1.py -> /home/omar/amrws/build/robot_kinematics_pkg/build/lib/robot_kinematics_pkg/scripts/diff\n'}
[9.611225] (robot_kinematics_pkg) StdoutLine: {'line': b'copying robot_kinematics_pkg/scripts/diff/diff_forward.py -> /home/omar/amrws/build/robot_kinematics_pkg/build/lib/robot_kinematics_pkg/scripts/diff\n'}
[9.611521] (robot_kinematics_pkg) StdoutLine: {'line': b'copying robot_kinematics_pkg/scripts/diff/diff_invers_r1.py -> /home/omar/amrws/build/robot_kinematics_pkg/build/lib/robot_kinematics_pkg/scripts/diff\n'}
[9.611775] (robot_kinematics_pkg) StdoutLine: {'line': b'copying robot_kinematics_pkg/scripts/diff/diff_invers.py -> /home/omar/amrws/build/robot_kinematics_pkg/build/lib/robot_kinematics_pkg/scripts/diff\n'}
[9.612327] (robot_kinematics_pkg) StdoutLine: {'line': b'copying robot_kinematics_pkg/scripts/diff/diff_forward_r1.py -> /home/omar/amrws/build/robot_kinematics_pkg/build/lib/robot_kinematics_pkg/scripts/diff\n'}
[9.612619] (robot_kinematics_pkg) StdoutLine: {'line': b'creating /home/omar/amrws/build/robot_kinematics_pkg/build/lib/robot_kinematics_pkg/scripts/diff_2wheels\n'}
[9.612853] (robot_kinematics_pkg) StdoutLine: {'line': b'copying robot_kinematics_pkg/scripts/diff_2wheels/__init__.py -> /home/omar/amrws/build/robot_kinematics_pkg/build/lib/robot_kinematics_pkg/scripts/diff_2wheels\n'}
[9.613104] (robot_kinematics_pkg) StdoutLine: {'line': b'copying robot_kinematics_pkg/scripts/diff_2wheels/diff_2wheels_invers.py -> /home/omar/amrws/build/robot_kinematics_pkg/build/lib/robot_kinematics_pkg/scripts/diff_2wheels\n'}
[9.613325] (robot_kinematics_pkg) StdoutLine: {'line': b'copying robot_kinematics_pkg/scripts/diff_2wheels/diff_2wheels_forward.py -> /home/omar/amrws/build/robot_kinematics_pkg/build/lib/robot_kinematics_pkg/scripts/diff_2wheels\n'}
[9.616215] (robot_kinematics_pkg) StdoutLine: {'line': b'creating /home/omar/amrws/build/robot_kinematics_pkg/build/lib/robot_kinematics_pkg/scripts/omni\n'}
[9.616622] (competetion_bringup) StdoutLine: {'line': b"reading manifest file '../../../build/competetion_bringup/competetion_bringup.egg-info/SOURCES.txt'\n"}
[9.616868] (robot_kinematics_pkg) StdoutLine: {'line': b'copying robot_kinematics_pkg/scripts/omni/__init__.py -> /home/omar/amrws/build/robot_kinematics_pkg/build/lib/robot_kinematics_pkg/scripts/omni\n'}
[9.617139] (robot_kinematics_pkg) StdoutLine: {'line': b'copying robot_kinematics_pkg/scripts/omni/omni4_forward.py -> /home/omar/amrws/build/robot_kinematics_pkg/build/lib/robot_kinematics_pkg/scripts/omni\n'}
[9.617362] (robot_kinematics_pkg) StdoutLine: {'line': b'copying robot_kinematics_pkg/scripts/omni/diff_invers_r1.py -> /home/omar/amrws/build/robot_kinematics_pkg/build/lib/robot_kinematics_pkg/scripts/omni\n'}
[9.617908] (robot_kinematics_pkg) StdoutLine: {'line': b'copying robot_kinematics_pkg/scripts/omni/omni6_inverse.py -> /home/omar/amrws/build/robot_kinematics_pkg/build/lib/robot_kinematics_pkg/scripts/omni\n'}
[9.618241] (robot_kinematics_pkg) StdoutLine: {'line': b'copying robot_kinematics_pkg/scripts/omni/omni4_invers.py -> /home/omar/amrws/build/robot_kinematics_pkg/build/lib/robot_kinematics_pkg/scripts/omni\n'}
[9.618499] (robot_kinematics_pkg) StdoutLine: {'line': b'copying robot_kinematics_pkg/scripts/omni/omni3_invers.py -> /home/omar/amrws/build/robot_kinematics_pkg/build/lib/robot_kinematics_pkg/scripts/omni\n'}
[9.618745] (robot_kinematics_pkg) StdoutLine: {'line': b'copying robot_kinematics_pkg/scripts/omni/omni3_forward.py -> /home/omar/amrws/build/robot_kinematics_pkg/build/lib/robot_kinematics_pkg/scripts/omni\n'}
[9.618968] (robot_kinematics_pkg) StdoutLine: {'line': b'creating /home/omar/amrws/build/robot_kinematics_pkg/build/lib/robot_kinematics_pkg/scripts/mecanum\n'}
[9.619221] (robot_kinematics_pkg) StdoutLine: {'line': b'copying robot_kinematics_pkg/scripts/mecanum/mecanum_forward.py -> /home/omar/amrws/build/robot_kinematics_pkg/build/lib/robot_kinematics_pkg/scripts/mecanum\n'}
[9.619455] (competetion_bringup) StdoutLine: {'line': b"writing manifest file '../../../build/competetion_bringup/competetion_bringup.egg-info/SOURCES.txt'\n"}
[9.619684] (robot_kinematics_pkg) StdoutLine: {'line': b'copying robot_kinematics_pkg/scripts/mecanum/__init__.py -> /home/omar/amrws/build/robot_kinematics_pkg/build/lib/robot_kinematics_pkg/scripts/mecanum\n'}
[9.619887] (competetion_bringup) StdoutLine: {'line': b'running build\n'}
[9.620119] (competetion_bringup) StdoutLine: {'line': b'running build_py\n'}
[9.620347] (robot_kinematics_pkg) StdoutLine: {'line': b'copying robot_kinematics_pkg/scripts/mecanum/mecanum_invers_r2.py -> /home/omar/amrws/build/robot_kinematics_pkg/build/lib/robot_kinematics_pkg/scripts/mecanum\n'}
[9.620583] (amr_khaled) StdoutLine: {'line': b"reading manifest file '../../build/amr_khaled/amr_khaled.egg-info/SOURCES.txt'\n"}
[9.620810] (competetion_bringup) StdoutLine: {'line': b'creating /home/omar/amrws/build/competetion_bringup/build\n'}
[9.624080] (competetion_bringup) StdoutLine: {'line': b'creating /home/omar/amrws/build/competetion_bringup/build/lib\n'}
[9.624394] (competetion_bringup) StdoutLine: {'line': b'creating /home/omar/amrws/build/competetion_bringup/build/lib/competetion_bringup\n'}
[9.624613] (robot_kinematics_pkg) StdoutLine: {'line': b'copying robot_kinematics_pkg/scripts/mecanum/mecanum_invers.py -> /home/omar/amrws/build/robot_kinematics_pkg/build/lib/robot_kinematics_pkg/scripts/mecanum\n'}
[9.627113] (competetion_bringup) StdoutLine: {'line': b'copying competetion_bringup/__init__.py -> /home/omar/amrws/build/competetion_bringup/build/lib/competetion_bringup\n'}
[9.627393] (competetion_bringup) StdoutLine: {'line': b'running install\n'}
[9.627608] (amr_khaled) StdoutLine: {'line': b"writing manifest file '../../build/amr_khaled/amr_khaled.egg-info/SOURCES.txt'\n"}
[9.627827] (amr_khaled) StdoutLine: {'line': b'running build\n'}
[9.628048] (amr_khaled) StdoutLine: {'line': b'running build_py\n'}
[9.628268] (amr_khaled) StdoutLine: {'line': b'creating /home/omar/amrws/build/amr_khaled/build\n'}
[9.628471] (amr_khaled) StdoutLine: {'line': b'creating /home/omar/amrws/build/amr_khaled/build/lib\n'}
[9.628686] (amr_khaled) StdoutLine: {'line': b'creating /home/omar/amrws/build/amr_khaled/build/lib/amr_khaled\n'}
[9.628889] (amr_khaled) StdoutLine: {'line': b'copying amr_khaled/__init__.py -> /home/omar/amrws/build/amr_khaled/build/lib/amr_khaled\n'}
[9.632201] (robot_kinematics_pkg) StdoutLine: {'line': b'running install\n'}
[9.632458] (amr_khaled) StdoutLine: {'line': b'copying amr_khaled/controller.py -> /home/omar/amrws/build/amr_khaled/build/lib/amr_khaled\n'}
[9.632679] (amr_khaled) StdoutLine: {'line': b'running install\n'}
[9.638062] (robot_kinematics_pkg) StdoutLine: {'line': b'running install_lib\n'}
[9.639058] (amr_khaled) StdoutLine: {'line': b'running install_lib\n'}
[9.643864] (competetion_bringup) StdoutLine: {'line': b'running install_lib\n'}
[9.668410] (camera_drivers) StdoutLine: {'line': b"reading manifest file '../../../build/camera_drivers/camera_drivers.egg-info/SOURCES.txt'\n"}
[9.672062] (camera_drivers) StdoutLine: {'line': b"writing manifest file '../../../build/camera_drivers/camera_drivers.egg-info/SOURCES.txt'\n"}
[9.672479] (camera_drivers) StdoutLine: {'line': b'running build\n'}
[9.672726] (camera_drivers) StdoutLine: {'line': b'running build_py\n'}
[9.673036] (camera_drivers) StdoutLine: {'line': b'creating /home/omar/amrws/build/camera_drivers/build\n'}
[9.673402] (camera_drivers) StdoutLine: {'line': b'creating /home/omar/amrws/build/camera_drivers/build/lib\n'}
[9.674242] (camera_drivers) StdoutLine: {'line': b'creating /home/omar/amrws/build/camera_drivers/build/lib/camera_drivers\n'}
[9.677062] (camera_drivers) StdoutLine: {'line': b'copying camera_drivers/__init__.py -> /home/omar/amrws/build/camera_drivers/build/lib/camera_drivers\n'}
[9.677434] (camera_drivers) StdoutLine: {'line': b'copying camera_drivers/cameraclass.py -> /home/omar/amrws/build/camera_drivers/build/lib/camera_drivers\n'}
[9.677752] (camera_drivers) StdoutLine: {'line': b'copying camera_drivers/camera_index_tester.py -> /home/omar/amrws/build/camera_drivers/build/lib/camera_drivers\n'}
[9.678158] (camera_drivers) StdoutLine: {'line': b'copying camera_drivers/cameradriver.py -> /home/omar/amrws/build/camera_drivers/build/lib/camera_drivers\n'}
[9.678448] (camera_drivers) StdoutLine: {'line': b'creating /home/omar/amrws/build/camera_drivers/build/lib/camera_drivers/examples\n'}
[9.678751] (camera_drivers) StdoutLine: {'line': b'creating /home/omar/amrws/build/camera_drivers/build/lib/camera_drivers/examples/mono\n'}
[9.679094] (camera_drivers) StdoutLine: {'line': b'copying camera_drivers/examples/mono/__init__.py -> /home/omar/amrws/build/camera_drivers/build/lib/camera_drivers/examples/mono\n'}
[9.679393] (camera_drivers) StdoutLine: {'line': b'copying camera_drivers/examples/mono/mono_publisher.py -> /home/omar/amrws/build/camera_drivers/build/lib/camera_drivers/examples/mono\n'}
[9.679694] (camera_drivers) StdoutLine: {'line': b'copying camera_drivers/examples/mono/mono_subscriber.py -> /home/omar/amrws/build/camera_drivers/build/lib/camera_drivers/examples/mono\n'}
[9.682203] (camera_drivers) StdoutLine: {'line': b'copying camera_drivers/examples/mono/mono_client.py -> /home/omar/amrws/build/camera_drivers/build/lib/camera_drivers/examples/mono\n'}
[9.682601] (camera_drivers) StdoutLine: {'line': b'copying camera_drivers/examples/mono/mono_getter.py -> /home/omar/amrws/build/camera_drivers/build/lib/camera_drivers/examples/mono\n'}
[9.682888] (camera_drivers) StdoutLine: {'line': b'copying camera_drivers/examples/mono/mono_server.py -> /home/omar/amrws/build/camera_drivers/build/lib/camera_drivers/examples/mono\n'}
[9.683202] (camera_drivers) StdoutLine: {'line': b'creating /home/omar/amrws/build/camera_drivers/build/lib/camera_drivers/examples/stereo\n'}
[9.683494] (camera_drivers) StdoutLine: {'line': b'copying camera_drivers/examples/stereo/stereo_client.py -> /home/omar/amrws/build/camera_drivers/build/lib/camera_drivers/examples/stereo\n'}
[9.683844] (camera_drivers) StdoutLine: {'line': b'copying camera_drivers/examples/stereo/__init__.py -> /home/omar/amrws/build/camera_drivers/build/lib/camera_drivers/examples/stereo\n'}
[9.684149] (camera_drivers) StdoutLine: {'line': b'copying camera_drivers/examples/stereo/stereo_publisher.py -> /home/omar/amrws/build/camera_drivers/build/lib/camera_drivers/examples/stereo\n'}
[9.684450] (camera_drivers) StdoutLine: {'line': b'copying camera_drivers/examples/stereo/stereo_server.py -> /home/omar/amrws/build/camera_drivers/build/lib/camera_drivers/examples/stereo\n'}
[9.684680] (camera_drivers) StdoutLine: {'line': b'copying camera_drivers/examples/stereo/stereo_subscriber.py -> /home/omar/amrws/build/camera_drivers/build/lib/camera_drivers/examples/stereo\n'}
[9.684949] (camera_drivers) StdoutLine: {'line': b'copying camera_drivers/examples/stereo/stereo_getter.py -> /home/omar/amrws/build/camera_drivers/build/lib/camera_drivers/examples/stereo\n'}
[9.685227] (camera_drivers) StdoutLine: {'line': b'creating /home/omar/amrws/build/camera_drivers/build/lib/camera_drivers/examples/kinect_v1\n'}
[9.685487] (camera_drivers) StdoutLine: {'line': b'copying camera_drivers/examples/kinect_v1/__init__.py -> /home/omar/amrws/build/camera_drivers/build/lib/camera_drivers/examples/kinect_v1\n'}
[9.685749] (camera_drivers) StdoutLine: {'line': b'copying camera_drivers/examples/kinect_v1/kinect_v1_subscriber2.py -> /home/omar/amrws/build/camera_drivers/build/lib/camera_drivers/examples/kinect_v1\n'}
[9.685991] (camera_drivers) StdoutLine: {'line': b'copying camera_drivers/examples/kinect_v1/kinect_v1_subscriber.py -> /home/omar/amrws/build/camera_drivers/build/lib/camera_drivers/examples/kinect_v1\n'}
[9.688449] (camera_drivers) StdoutLine: {'line': b'creating /home/omar/amrws/build/camera_drivers/build/lib/camera_drivers/examples/kinect_v2\n'}
[9.688665] (camera_drivers) StdoutLine: {'line': b'copying camera_drivers/examples/kinect_v2/kinect_v2_subscriber.py -> /home/omar/amrws/build/camera_drivers/build/lib/camera_drivers/examples/kinect_v2\n'}
[9.688847] (camera_drivers) StdoutLine: {'line': b'copying camera_drivers/examples/kinect_v2/kinect_v2_subscriber2.py -> /home/omar/amrws/build/camera_drivers/build/lib/camera_drivers/examples/kinect_v2\n'}
[9.689078] (camera_drivers) StdoutLine: {'line': b'creating /home/omar/amrws/build/camera_drivers/build/lib/camera_drivers/python_stereo_camera_calibrate\n'}
[9.689289] (camera_drivers) StdoutLine: {'line': b'copying camera_drivers/python_stereo_camera_calibrate/calib.py -> /home/omar/amrws/build/camera_drivers/build/lib/camera_drivers/python_stereo_camera_calibrate\n'}
[9.689475] (camera_drivers) StdoutLine: {'line': b'running install\n'}
[9.691517] (-) TimerEvent: {}
[9.711411] (camera_drivers) StdoutLine: {'line': b'running install_lib\n'}
[9.737173] (amr_khaled) StdoutLine: {'line': b'creating /home/omar/amrws/install/amr_khaled/lib/python3.12/site-packages/amr_khaled\n'}
[9.738219] (amr_khaled) StdoutLine: {'line': b'copying /home/omar/amrws/build/amr_khaled/build/lib/amr_khaled/__init__.py -> /home/omar/amrws/install/amr_khaled/lib/python3.12/site-packages/amr_khaled\n'}
[9.738507] (amr_khaled) StdoutLine: {'line': b'copying /home/omar/amrws/build/amr_khaled/build/lib/amr_khaled/controller.py -> /home/omar/amrws/install/amr_khaled/lib/python3.12/site-packages/amr_khaled\n'}
[9.741079] (amr_khaled) StdoutLine: {'line': b'byte-compiling /home/omar/amrws/install/amr_khaled/lib/python3.12/site-packages/amr_khaled/__init__.py to __init__.cpython-312.pyc\n'}
[9.741595] (amr_khaled) StdoutLine: {'line': b'byte-compiling /home/omar/amrws/install/amr_khaled/lib/python3.12/site-packages/amr_khaled/controller.py to controller.cpython-312.pyc\n'}
[9.742094] (robot_kinematics_pkg) StdoutLine: {'line': b'creating /home/omar/amrws/install/robot_kinematics_pkg/lib/python3.12/site-packages/robot_kinematics_pkg\n'}
[9.742954] (robot_kinematics_pkg) StdoutLine: {'line': b'copying /home/omar/amrws/build/robot_kinematics_pkg/build/lib/robot_kinematics_pkg/__init__.py -> /home/omar/amrws/install/robot_kinematics_pkg/lib/python3.12/site-packages/robot_kinematics_pkg\n'}
[9.743251] (robot_kinematics_pkg) StdoutLine: {'line': b'creating /home/omar/amrws/install/robot_kinematics_pkg/lib/python3.12/site-packages/robot_kinematics_pkg/kinematics2\n'}
[9.743722] (robot_kinematics_pkg) StdoutLine: {'line': b'copying /home/omar/amrws/build/robot_kinematics_pkg/build/lib/robot_kinematics_pkg/kinematics2/mecanum_kin.py -> /home/omar/amrws/install/robot_kinematics_pkg/lib/python3.12/site-packages/robot_kinematics_pkg/kinematics2\n'}
[9.743991] (robot_kinematics_pkg) StdoutLine: {'line': b'copying /home/omar/amrws/build/robot_kinematics_pkg/build/lib/robot_kinematics_pkg/kinematics2/__init__.py -> /home/omar/amrws/install/robot_kinematics_pkg/lib/python3.12/site-packages/robot_kinematics_pkg/kinematics2\n'}
[9.744262] (robot_kinematics_pkg) StdoutLine: {'line': b'copying /home/omar/amrws/build/robot_kinematics_pkg/build/lib/robot_kinematics_pkg/kinematics2/kinematics2.py -> /home/omar/amrws/install/robot_kinematics_pkg/lib/python3.12/site-packages/robot_kinematics_pkg/kinematics2\n'}
[9.744532] (amr_khaled) StdoutLine: {'line': b'running install_data\n'}
[9.745006] (amr_khaled) StdoutLine: {'line': b'creating /home/omar/amrws/install/amr_khaled/share\n'}
[9.745289] (amr_khaled) StdoutLine: {'line': b'creating /home/omar/amrws/install/amr_khaled/share/ament_index\n'}
[9.747173] (amr_khaled) StdoutLine: {'line': b'creating /home/omar/amrws/install/amr_khaled/share/ament_index/resource_index\n'}
[9.747536] (robot_kinematics_pkg) StdoutLine: {'line': b'copying /home/omar/amrws/build/robot_kinematics_pkg/build/lib/robot_kinematics_pkg/kinematics2/diff_kin_2wheels.py -> /home/omar/amrws/install/robot_kinematics_pkg/lib/python3.12/site-packages/robot_kinematics_pkg/kinematics2\n'}
[9.747873] (amr_khaled) StdoutLine: {'line': b'creating /home/omar/amrws/install/amr_khaled/share/ament_index/resource_index/packages\n'}
[9.748191] (amr_khaled) StdoutLine: {'line': b'copying resource/amr_khaled -> /home/omar/amrws/install/amr_khaled/share/ament_index/resource_index/packages\n'}
[9.751092] (robot_kinematics_pkg) StdoutLine: {'line': b'copying /home/omar/amrws/build/robot_kinematics_pkg/build/lib/robot_kinematics_pkg/kinematics2/diff_kin.py -> /home/omar/amrws/install/robot_kinematics_pkg/lib/python3.12/site-packages/robot_kinematics_pkg/kinematics2\n'}
[9.751515] (amr_khaled) StdoutLine: {'line': b'creating /home/omar/amrws/install/amr_khaled/share/amr_khaled\n'}
[9.751782] (amr_khaled) StdoutLine: {'line': b'copying package.xml -> /home/omar/amrws/install/amr_khaled/share/amr_khaled\n'}
[9.752237] (amr_khaled) StdoutLine: {'line': b'running install_egg_info\n'}
[9.752486] (robot_kinematics_pkg) StdoutLine: {'line': b'creating /home/omar/amrws/install/robot_kinematics_pkg/lib/python3.12/site-packages/robot_kinematics_pkg/scripts\n'}
[9.752757] (robot_kinematics_pkg) StdoutLine: {'line': b'creating /home/omar/amrws/install/robot_kinematics_pkg/lib/python3.12/site-packages/robot_kinematics_pkg/scripts/diff\n'}
[9.753035] (robot_kinematics_pkg) StdoutLine: {'line': b'copying /home/omar/amrws/build/robot_kinematics_pkg/build/lib/robot_kinematics_pkg/scripts/diff/__init__.py -> /home/omar/amrws/install/robot_kinematics_pkg/lib/python3.12/site-packages/robot_kinematics_pkg/scripts/diff\n'}
[9.753534] (robot_kinematics_pkg) StdoutLine: {'line': b'copying /home/omar/amrws/build/robot_kinematics_pkg/build/lib/robot_kinematics_pkg/scripts/diff/diff_invers_new_r1.py -> /home/omar/amrws/install/robot_kinematics_pkg/lib/python3.12/site-packages/robot_kinematics_pkg/scripts/diff\n'}
[9.753822] (robot_kinematics_pkg) StdoutLine: {'line': b'copying /home/omar/amrws/build/robot_kinematics_pkg/build/lib/robot_kinematics_pkg/scripts/diff/diff_forward.py -> /home/omar/amrws/install/robot_kinematics_pkg/lib/python3.12/site-packages/robot_kinematics_pkg/scripts/diff\n'}
[9.754126] (robot_kinematics_pkg) StdoutLine: {'line': b'copying /home/omar/amrws/build/robot_kinematics_pkg/build/lib/robot_kinematics_pkg/scripts/diff/diff_invers_r1.py -> /home/omar/amrws/install/robot_kinematics_pkg/lib/python3.12/site-packages/robot_kinematics_pkg/scripts/diff\n'}
[9.754415] (robot_kinematics_pkg) StdoutLine: {'line': b'copying /home/omar/amrws/build/robot_kinematics_pkg/build/lib/robot_kinematics_pkg/scripts/diff/diff_invers.py -> /home/omar/amrws/install/robot_kinematics_pkg/lib/python3.12/site-packages/robot_kinematics_pkg/scripts/diff\n'}
[9.757251] (robot_kinematics_pkg) StdoutLine: {'line': b'copying /home/omar/amrws/build/robot_kinematics_pkg/build/lib/robot_kinematics_pkg/scripts/diff/diff_forward_r1.py -> /home/omar/amrws/install/robot_kinematics_pkg/lib/python3.12/site-packages/robot_kinematics_pkg/scripts/diff\n'}
[9.757553] (robot_kinematics_pkg) StdoutLine: {'line': b'copying /home/omar/amrws/build/robot_kinematics_pkg/build/lib/robot_kinematics_pkg/scripts/__init__.py -> /home/omar/amrws/install/robot_kinematics_pkg/lib/python3.12/site-packages/robot_kinematics_pkg/scripts\n'}
[9.757787] (robot_kinematics_pkg) StdoutLine: {'line': b'creating /home/omar/amrws/install/robot_kinematics_pkg/lib/python3.12/site-packages/robot_kinematics_pkg/scripts/diff_2wheels\n'}
[9.758037] (robot_kinematics_pkg) StdoutLine: {'line': b'copying /home/omar/amrws/build/robot_kinematics_pkg/build/lib/robot_kinematics_pkg/scripts/diff_2wheels/__init__.py -> /home/omar/amrws/install/robot_kinematics_pkg/lib/python3.12/site-packages/robot_kinematics_pkg/scripts/diff_2wheels\n'}
[9.758269] (robot_kinematics_pkg) StdoutLine: {'line': b'copying /home/omar/amrws/build/robot_kinematics_pkg/build/lib/robot_kinematics_pkg/scripts/diff_2wheels/diff_2wheels_invers.py -> /home/omar/amrws/install/robot_kinematics_pkg/lib/python3.12/site-packages/robot_kinematics_pkg/scripts/diff_2wheels\n'}
[9.758540] (robot_kinematics_pkg) StdoutLine: {'line': b'copying /home/omar/amrws/build/robot_kinematics_pkg/build/lib/robot_kinematics_pkg/scripts/diff_2wheels/diff_2wheels_forward.py -> /home/omar/amrws/install/robot_kinematics_pkg/lib/python3.12/site-packages/robot_kinematics_pkg/scripts/diff_2wheels\n'}
[9.758760] (robot_kinematics_pkg) StdoutLine: {'line': b'copying /home/omar/amrws/build/robot_kinematics_pkg/build/lib/robot_kinematics_pkg/scripts/Ros_node.py -> /home/omar/amrws/install/robot_kinematics_pkg/lib/python3.12/site-packages/robot_kinematics_pkg/scripts\n'}
[9.758968] (robot_kinematics_pkg) StdoutLine: {'line': b'creating /home/omar/amrws/install/robot_kinematics_pkg/lib/python3.12/site-packages/robot_kinematics_pkg/scripts/omni\n'}
[9.759204] (robot_kinematics_pkg) StdoutLine: {'line': b'copying /home/omar/amrws/build/robot_kinematics_pkg/build/lib/robot_kinematics_pkg/scripts/omni/__init__.py -> /home/omar/amrws/install/robot_kinematics_pkg/lib/python3.12/site-packages/robot_kinematics_pkg/scripts/omni\n'}
[9.759422] (robot_kinematics_pkg) StdoutLine: {'line': b'copying /home/omar/amrws/build/robot_kinematics_pkg/build/lib/robot_kinematics_pkg/scripts/omni/omni4_forward.py -> /home/omar/amrws/install/robot_kinematics_pkg/lib/python3.12/site-packages/robot_kinematics_pkg/scripts/omni\n'}
[9.759648] (robot_kinematics_pkg) StdoutLine: {'line': b'copying /home/omar/amrws/build/robot_kinematics_pkg/build/lib/robot_kinematics_pkg/scripts/omni/diff_invers_r1.py -> /home/omar/amrws/install/robot_kinematics_pkg/lib/python3.12/site-packages/robot_kinematics_pkg/scripts/omni\n'}
[9.759897] (robot_kinematics_pkg) StdoutLine: {'line': b'copying /home/omar/amrws/build/robot_kinematics_pkg/build/lib/robot_kinematics_pkg/scripts/omni/omni6_inverse.py -> /home/omar/amrws/install/robot_kinematics_pkg/lib/python3.12/site-packages/robot_kinematics_pkg/scripts/omni\n'}
[9.760170] (robot_kinematics_pkg) StdoutLine: {'line': b'copying /home/omar/amrws/build/robot_kinematics_pkg/build/lib/robot_kinematics_pkg/scripts/omni/omni4_invers.py -> /home/omar/amrws/install/robot_kinematics_pkg/lib/python3.12/site-packages/robot_kinematics_pkg/scripts/omni\n'}
[9.763251] (robot_kinematics_pkg) StdoutLine: {'line': b'copying /home/omar/amrws/build/robot_kinematics_pkg/build/lib/robot_kinematics_pkg/scripts/omni/omni3_invers.py -> /home/omar/amrws/install/robot_kinematics_pkg/lib/python3.12/site-packages/robot_kinematics_pkg/scripts/omni\n'}
[9.763495] (robot_kinematics_pkg) StdoutLine: {'line': b'copying /home/omar/amrws/build/robot_kinematics_pkg/build/lib/robot_kinematics_pkg/scripts/omni/omni3_forward.py -> /home/omar/amrws/install/robot_kinematics_pkg/lib/python3.12/site-packages/robot_kinematics_pkg/scripts/omni\n'}
[9.763741] (robot_kinematics_pkg) StdoutLine: {'line': b'creating /home/omar/amrws/install/robot_kinematics_pkg/lib/python3.12/site-packages/robot_kinematics_pkg/scripts/mecanum\n'}
[9.763986] (robot_kinematics_pkg) StdoutLine: {'line': b'copying /home/omar/amrws/build/robot_kinematics_pkg/build/lib/robot_kinematics_pkg/scripts/mecanum/mecanum_forward.py -> /home/omar/amrws/install/robot_kinematics_pkg/lib/python3.12/site-packages/robot_kinematics_pkg/scripts/mecanum\n'}
[9.764366] (robot_kinematics_pkg) StdoutLine: {'line': b'copying /home/omar/amrws/build/robot_kinematics_pkg/build/lib/robot_kinematics_pkg/scripts/mecanum/__init__.py -> /home/omar/amrws/install/robot_kinematics_pkg/lib/python3.12/site-packages/robot_kinematics_pkg/scripts/mecanum\n'}
[9.764622] (robot_kinematics_pkg) StdoutLine: {'line': b'copying /home/omar/amrws/build/robot_kinematics_pkg/build/lib/robot_kinematics_pkg/scripts/mecanum/mecanum_invers_r2.py -> /home/omar/amrws/install/robot_kinematics_pkg/lib/python3.12/site-packages/robot_kinematics_pkg/scripts/mecanum\n'}
[9.764840] (robot_kinematics_pkg) StdoutLine: {'line': b'copying /home/omar/amrws/build/robot_kinematics_pkg/build/lib/robot_kinematics_pkg/scripts/mecanum/mecanum_invers.py -> /home/omar/amrws/install/robot_kinematics_pkg/lib/python3.12/site-packages/robot_kinematics_pkg/scripts/mecanum\n'}
[9.765075] (robot_kinematics_pkg) StdoutLine: {'line': b'creating /home/omar/amrws/install/robot_kinematics_pkg/lib/python3.12/site-packages/robot_kinematics_pkg/kinematics1\n'}
[9.768187] (robot_kinematics_pkg) StdoutLine: {'line': b'copying /home/omar/amrws/build/robot_kinematics_pkg/build/lib/robot_kinematics_pkg/kinematics1/__init__.py -> /home/omar/amrws/install/robot_kinematics_pkg/lib/python3.12/site-packages/robot_kinematics_pkg/kinematics1\n'}
[9.768464] (robot_kinematics_pkg) StdoutLine: {'line': b'copying /home/omar/amrws/build/robot_kinematics_pkg/build/lib/robot_kinematics_pkg/kinematics1/omni6_kin.py -> /home/omar/amrws/install/robot_kinematics_pkg/lib/python3.12/site-packages/robot_kinematics_pkg/kinematics1\n'}
[9.768683] (robot_kinematics_pkg) StdoutLine: {'line': b'copying /home/omar/amrws/build/robot_kinematics_pkg/build/lib/robot_kinematics_pkg/kinematics1/omni4_kin.py -> /home/omar/amrws/install/robot_kinematics_pkg/lib/python3.12/site-packages/robot_kinematics_pkg/kinematics1\n'}
[9.768969] (robot_kinematics_pkg) StdoutLine: {'line': b'copying /home/omar/amrws/build/robot_kinematics_pkg/build/lib/robot_kinematics_pkg/kinematics1/omni3_kin.py -> /home/omar/amrws/install/robot_kinematics_pkg/lib/python3.12/site-packages/robot_kinematics_pkg/kinematics1\n'}
[9.769283] (robot_kinematics_pkg) StdoutLine: {'line': b'copying /home/omar/amrws/build/robot_kinematics_pkg/build/lib/robot_kinematics_pkg/kinematics1/kinematics.py -> /home/omar/amrws/install/robot_kinematics_pkg/lib/python3.12/site-packages/robot_kinematics_pkg/kinematics1\n'}
[9.769511] (robot_kinematics_pkg) StdoutLine: {'line': b'byte-compiling /home/omar/amrws/install/robot_kinematics_pkg/lib/python3.12/site-packages/robot_kinematics_pkg/__init__.py to __init__.cpython-312.pyc\n'}
[9.769866] (robot_kinematics_pkg) StdoutLine: {'line': b'byte-compiling /home/omar/amrws/install/robot_kinematics_pkg/lib/python3.12/site-packages/robot_kinematics_pkg/kinematics2/mecanum_kin.py to mecanum_kin.cpython-312.pyc\n'}
[9.770107] (robot_kinematics_pkg) StdoutLine: {'line': b'byte-compiling /home/omar/amrws/install/robot_kinematics_pkg/lib/python3.12/site-packages/robot_kinematics_pkg/kinematics2/__init__.py to __init__.cpython-312.pyc\n'}
[9.770344] (robot_kinematics_pkg) StdoutLine: {'line': b'byte-compiling /home/omar/amrws/install/robot_kinematics_pkg/lib/python3.12/site-packages/robot_kinematics_pkg/kinematics2/kinematics2.py to kinematics2.cpython-312.pyc\n'}
[9.770572] (robot_kinematics_pkg) StdoutLine: {'line': b'byte-compiling /home/omar/amrws/install/robot_kinematics_pkg/lib/python3.12/site-packages/robot_kinematics_pkg/kinematics2/diff_kin_2wheels.py to diff_kin_2wheels.cpython-312.pyc\n'}
[9.770785] (robot_kinematics_pkg) StdoutLine: {'line': b'byte-compiling /home/omar/amrws/install/robot_kinematics_pkg/lib/python3.12/site-packages/robot_kinematics_pkg/kinematics2/diff_kin.py to diff_kin.cpython-312.pyc\n'}
[9.771037] (robot_kinematics_pkg) StdoutLine: {'line': b'byte-compiling /home/omar/amrws/install/robot_kinematics_pkg/lib/python3.12/site-packages/robot_kinematics_pkg/scripts/diff/__init__.py to __init__.cpython-312.pyc\n'}
[9.771291] (robot_kinematics_pkg) StdoutLine: {'line': b'byte-compiling /home/omar/amrws/install/robot_kinematics_pkg/lib/python3.12/site-packages/robot_kinematics_pkg/scripts/diff/diff_invers_new_r1.py to diff_invers_new_r1.cpython-312.pyc\n'}
[9.771542] (robot_kinematics_pkg) StdoutLine: {'line': b'byte-compiling /home/omar/amrws/install/robot_kinematics_pkg/lib/python3.12/site-packages/robot_kinematics_pkg/scripts/diff/diff_forward.py to diff_forward.cpython-312.pyc\n'}
[9.771782] (robot_kinematics_pkg) StdoutLine: {'line': b'byte-compiling /home/omar/amrws/install/robot_kinematics_pkg/lib/python3.12/site-packages/robot_kinematics_pkg/scripts/diff/diff_invers_r1.py to diff_invers_r1.cpython-312.pyc\n'}
[9.771998] (robot_kinematics_pkg) StdoutLine: {'line': b'byte-compiling /home/omar/amrws/install/robot_kinematics_pkg/lib/python3.12/site-packages/robot_kinematics_pkg/scripts/diff/diff_invers.py to diff_invers.cpython-312.pyc\n'}
[9.775229] (robot_kinematics_pkg) StdoutLine: {'line': b'byte-compiling /home/omar/amrws/install/robot_kinematics_pkg/lib/python3.12/site-packages/robot_kinematics_pkg/scripts/diff/diff_forward_r1.py to diff_forward_r1.cpython-312.pyc\n'}
[9.775479] (robot_kinematics_pkg) StdoutLine: {'line': b'byte-compiling /home/omar/amrws/install/robot_kinematics_pkg/lib/python3.12/site-packages/robot_kinematics_pkg/scripts/__init__.py to __init__.cpython-312.pyc\n'}
[9.775714] (robot_kinematics_pkg) StdoutLine: {'line': b'byte-compiling /home/omar/amrws/install/robot_kinematics_pkg/lib/python3.12/site-packages/robot_kinematics_pkg/scripts/diff_2wheels/__init__.py to __init__.cpython-312.pyc\n'}
[9.775922] (robot_kinematics_pkg) StdoutLine: {'line': b'byte-compiling /home/omar/amrws/install/robot_kinematics_pkg/lib/python3.12/site-packages/robot_kinematics_pkg/scripts/diff_2wheels/diff_2wheels_invers.py to diff_2wheels_invers.cpython-312.pyc\n'}
[9.776215] (robot_kinematics_pkg) StdoutLine: {'line': b'byte-compiling /home/omar/amrws/install/robot_kinematics_pkg/lib/python3.12/site-packages/robot_kinematics_pkg/scripts/diff_2wheels/diff_2wheels_forward.py to diff_2wheels_forward.cpython-312.pyc\n'}
[9.776473] (robot_kinematics_pkg) StdoutLine: {'line': b'byte-compiling /home/omar/amrws/install/robot_kinematics_pkg/lib/python3.12/site-packages/robot_kinematics_pkg/scripts/Ros_node.py to Ros_node.cpython-312.pyc\n'}
[9.776696] (robot_kinematics_pkg) StdoutLine: {'line': b'byte-compiling /home/omar/amrws/install/robot_kinematics_pkg/lib/python3.12/site-packages/robot_kinematics_pkg/scripts/omni/__init__.py to __init__.cpython-312.pyc\n'}
[9.776907] (robot_kinematics_pkg) StdoutLine: {'line': b'byte-compiling /home/omar/amrws/install/robot_kinematics_pkg/lib/python3.12/site-packages/robot_kinematics_pkg/scripts/omni/omni4_forward.py to omni4_forward.cpython-312.pyc\n'}
[9.779209] (robot_kinematics_pkg) StdoutLine: {'line': b'byte-compiling /home/omar/amrws/install/robot_kinematics_pkg/lib/python3.12/site-packages/robot_kinematics_pkg/scripts/omni/diff_invers_r1.py to diff_invers_r1.cpython-312.pyc\n'}
[9.779498] (robot_kinematics_pkg) StdoutLine: {'line': b'byte-compiling /home/omar/amrws/install/robot_kinematics_pkg/lib/python3.12/site-packages/robot_kinematics_pkg/scripts/omni/omni6_inverse.py to omni6_inverse.cpython-312.pyc\n'}
[9.779796] (robot_kinematics_pkg) StdoutLine: {'line': b'byte-compiling /home/omar/amrws/install/robot_kinematics_pkg/lib/python3.12/site-packages/robot_kinematics_pkg/scripts/omni/omni4_invers.py to omni4_invers.cpython-312.pyc\n'}
[9.780053] (robot_kinematics_pkg) StdoutLine: {'line': b'byte-compiling /home/omar/amrws/install/robot_kinematics_pkg/lib/python3.12/site-packages/robot_kinematics_pkg/scripts/omni/omni3_invers.py to omni3_invers.cpython-312.pyc\n'}
[9.780303] (robot_kinematics_pkg) StdoutLine: {'line': b'byte-compiling /home/omar/amrws/install/robot_kinematics_pkg/lib/python3.12/site-packages/robot_kinematics_pkg/scripts/omni/omni3_forward.py to omni3_forward.cpython-312.pyc\n'}
[9.780948] (robot_kinematics_pkg) StdoutLine: {'line': b'byte-compiling /home/omar/amrws/install/robot_kinematics_pkg/lib/python3.12/site-packages/robot_kinematics_pkg/scripts/mecanum/mecanum_forward.py to mecanum_forward.cpython-312.pyc\n'}
[9.783061] (competetion_bringup) StdoutLine: {'line': b'creating /home/omar/amrws/install/competetion_bringup/lib/python3.12/site-packages/competetion_bringup\n'}
[9.783353] (robot_kinematics_pkg) StdoutLine: {'line': b'byte-compiling /home/omar/amrws/install/robot_kinematics_pkg/lib/python3.12/site-packages/robot_kinematics_pkg/scripts/mecanum/__init__.py to __init__.cpython-312.pyc\n'}
[9.783592] (competetion_bringup) StdoutLine: {'line': b'copying /home/omar/amrws/build/competetion_bringup/build/lib/competetion_bringup/__init__.py -> /home/omar/amrws/install/competetion_bringup/lib/python3.12/site-packages/competetion_bringup\n'}
[9.783811] (robot_kinematics_pkg) StdoutLine: {'line': b'byte-compiling /home/omar/amrws/install/robot_kinematics_pkg/lib/python3.12/site-packages/robot_kinematics_pkg/scripts/mecanum/mecanum_invers_r2.py to mecanum_invers_r2.cpython-312.pyc\n'}
[9.784086] (competetion_bringup) StdoutLine: {'line': b'byte-compiling /home/omar/amrws/install/competetion_bringup/lib/python3.12/site-packages/competetion_bringup/__init__.py to __init__.cpython-312.pyc\n'}
[9.784416] (robot_kinematics_pkg) StdoutLine: {'line': b'byte-compiling /home/omar/amrws/install/robot_kinematics_pkg/lib/python3.12/site-packages/robot_kinematics_pkg/scripts/mecanum/mecanum_invers.py to mecanum_invers.cpython-312.pyc\n'}
[9.785367] (robot_kinematics_pkg) StdoutLine: {'line': b'byte-compiling /home/omar/amrws/install/robot_kinematics_pkg/lib/python3.12/site-packages/robot_kinematics_pkg/kinematics1/__init__.py to __init__.cpython-312.pyc\n'}
[9.785669] (robot_kinematics_pkg) StdoutLine: {'line': b'byte-compiling /home/omar/amrws/install/robot_kinematics_pkg/lib/python3.12/site-packages/robot_kinematics_pkg/kinematics1/omni6_kin.py to omni6_kin.cpython-312.pyc\n'}
[9.785889] (competetion_bringup) StdoutLine: {'line': b'running install_data\n'}
[9.786176] (competetion_bringup) StdoutLine: {'line': b'creating /home/omar/amrws/install/competetion_bringup/share/ament_index\n'}
[9.788349] (competetion_bringup) StdoutLine: {'line': b'creating /home/omar/amrws/install/competetion_bringup/share/ament_index/resource_index\n'}
[9.788583] (robot_kinematics_pkg) StdoutLine: {'line': b'byte-compiling /home/omar/amrws/install/robot_kinematics_pkg/lib/python3.12/site-packages/robot_kinematics_pkg/kinematics1/omni4_kin.py to omni4_kin.cpython-312.pyc\n'}
[9.788804] (competetion_bringup) StdoutLine: {'line': b'creating /home/omar/amrws/install/competetion_bringup/share/ament_index/resource_index/packages\n'}
[9.789050] (competetion_bringup) StdoutLine: {'line': b'copying resource/competetion_bringup -> /home/omar/amrws/install/competetion_bringup/share/ament_index/resource_index/packages\n'}
[9.789306] (competetion_bringup) StdoutLine: {'line': b'copying package.xml -> /home/omar/amrws/install/competetion_bringup/share/competetion_bringup\n'}
[9.789560] (competetion_bringup) StdoutLine: {'line': b'creating /home/omar/amrws/install/competetion_bringup/share/competetion_bringup/launch\n'}
[9.792103] (-) TimerEvent: {}
[9.792349] (competetion_bringup) StdoutLine: {'line': b'copying launch/bringup.launch.py -> /home/omar/amrws/install/competetion_bringup/share/competetion_bringup/launch\n'}
[9.792623] (competetion_bringup) StdoutLine: {'line': b'running install_egg_info\n'}
[9.792860] (robot_kinematics_pkg) StdoutLine: {'line': b'byte-compiling /home/omar/amrws/install/robot_kinematics_pkg/lib/python3.12/site-packages/robot_kinematics_pkg/kinematics1/omni3_kin.py to omni3_kin.cpython-312.pyc\n'}
[9.793130] (robot_kinematics_pkg) StdoutLine: {'line': b'byte-compiling /home/omar/amrws/install/robot_kinematics_pkg/lib/python3.12/site-packages/robot_kinematics_pkg/kinematics1/kinematics.py to kinematics.cpython-312.pyc\n'}
[9.793427] (robot_kinematics_pkg) StdoutLine: {'line': b'running install_data\n'}
[9.796075] (robot_kinematics_pkg) StdoutLine: {'line': b'creating /home/omar/amrws/install/robot_kinematics_pkg/share/ament_index\n'}
[9.796449] (robot_kinematics_pkg) StdoutLine: {'line': b'creating /home/omar/amrws/install/robot_kinematics_pkg/share/ament_index/resource_index\n'}
[9.796714] (robot_kinematics_pkg) StdoutLine: {'line': b'creating /home/omar/amrws/install/robot_kinematics_pkg/share/ament_index/resource_index/packages\n'}
[9.796965] (robot_kinematics_pkg) StdoutLine: {'line': b'copying resource/robot_kinematics_pkg -> /home/omar/amrws/install/robot_kinematics_pkg/share/ament_index/resource_index/packages\n'}
[9.800076] (robot_kinematics_pkg) StdoutLine: {'line': b'copying package.xml -> /home/omar/amrws/install/robot_kinematics_pkg/share/robot_kinematics_pkg\n'}
[9.800427] (robot_kinematics_pkg) StdoutLine: {'line': b'running install_egg_info\n'}
[9.827173] (camera_drivers) StdoutLine: {'line': b'creating /home/omar/amrws/install/camera_drivers/lib/python3.12/site-packages/camera_drivers\n'}
[9.827608] (camera_drivers) StdoutLine: {'line': b'copying /home/omar/amrws/build/camera_drivers/build/lib/camera_drivers/__init__.py -> /home/omar/amrws/install/camera_drivers/lib/python3.12/site-packages/camera_drivers\n'}
[9.827957] (camera_drivers) StdoutLine: {'line': b'copying /home/omar/amrws/build/camera_drivers/build/lib/camera_drivers/cameraclass.py -> /home/omar/amrws/install/camera_drivers/lib/python3.12/site-packages/camera_drivers\n'}
[9.828311] (camera_drivers) StdoutLine: {'line': b'creating /home/omar/amrws/install/camera_drivers/lib/python3.12/site-packages/camera_drivers/python_stereo_camera_calibrate\n'}
[9.828569] (camera_drivers) StdoutLine: {'line': b'copying /home/omar/amrws/build/camera_drivers/build/lib/camera_drivers/python_stereo_camera_calibrate/calib.py -> /home/omar/amrws/install/camera_drivers/lib/python3.12/site-packages/camera_drivers/python_stereo_camera_calibrate\n'}
[9.828874] (camera_drivers) StdoutLine: {'line': b'creating /home/omar/amrws/install/camera_drivers/lib/python3.12/site-packages/camera_drivers/examples\n'}
[9.829509] (camera_drivers) StdoutLine: {'line': b'creating /home/omar/amrws/install/camera_drivers/lib/python3.12/site-packages/camera_drivers/examples/kinect_v1\n'}
[9.829741] (camera_drivers) StdoutLine: {'line': b'copying /home/omar/amrws/build/camera_drivers/build/lib/camera_drivers/examples/kinect_v1/__init__.py -> /home/omar/amrws/install/camera_drivers/lib/python3.12/site-packages/camera_drivers/examples/kinect_v1\n'}
[9.829939] (camera_drivers) StdoutLine: {'line': b'copying /home/omar/amrws/build/camera_drivers/build/lib/camera_drivers/examples/kinect_v1/kinect_v1_subscriber2.py -> /home/omar/amrws/install/camera_drivers/lib/python3.12/site-packages/camera_drivers/examples/kinect_v1\n'}
[9.831306] (camera_drivers) StdoutLine: {'line': b'copying /home/omar/amrws/build/camera_drivers/build/lib/camera_drivers/examples/kinect_v1/kinect_v1_subscriber.py -> /home/omar/amrws/install/camera_drivers/lib/python3.12/site-packages/camera_drivers/examples/kinect_v1\n'}
[9.833229] (camera_drivers) StdoutLine: {'line': b'creating /home/omar/amrws/install/camera_drivers/lib/python3.12/site-packages/camera_drivers/examples/kinect_v2\n'}
[9.834092] (camera_drivers) StdoutLine: {'line': b'copying /home/omar/amrws/build/camera_drivers/build/lib/camera_drivers/examples/kinect_v2/kinect_v2_subscriber.py -> /home/omar/amrws/install/camera_drivers/lib/python3.12/site-packages/camera_drivers/examples/kinect_v2\n'}
[9.834786] (camera_drivers) StdoutLine: {'line': b'copying /home/omar/amrws/build/camera_drivers/build/lib/camera_drivers/examples/kinect_v2/kinect_v2_subscriber2.py -> /home/omar/amrws/install/camera_drivers/lib/python3.12/site-packages/camera_drivers/examples/kinect_v2\n'}
[9.837112] (camera_drivers) StdoutLine: {'line': b'creating /home/omar/amrws/install/camera_drivers/lib/python3.12/site-packages/camera_drivers/examples/mono\n'}
[9.837441] (camera_drivers) StdoutLine: {'line': b'copying /home/omar/amrws/build/camera_drivers/build/lib/camera_drivers/examples/mono/__init__.py -> /home/omar/amrws/install/camera_drivers/lib/python3.12/site-packages/camera_drivers/examples/mono\n'}
[9.837702] (camera_drivers) StdoutLine: {'line': b'copying /home/omar/amrws/build/camera_drivers/build/lib/camera_drivers/examples/mono/mono_publisher.py -> /home/omar/amrws/install/camera_drivers/lib/python3.12/site-packages/camera_drivers/examples/mono\n'}
[9.838144] (camera_drivers) StdoutLine: {'line': b'copying /home/omar/amrws/build/camera_drivers/build/lib/camera_drivers/examples/mono/mono_subscriber.py -> /home/omar/amrws/install/camera_drivers/lib/python3.12/site-packages/camera_drivers/examples/mono\n'}
[9.838560] (camera_drivers) StdoutLine: {'line': b'copying /home/omar/amrws/build/camera_drivers/build/lib/camera_drivers/examples/mono/mono_client.py -> /home/omar/amrws/install/camera_drivers/lib/python3.12/site-packages/camera_drivers/examples/mono\n'}
[9.839278] (camera_drivers) StdoutLine: {'line': b'copying /home/omar/amrws/build/camera_drivers/build/lib/camera_drivers/examples/mono/mono_getter.py -> /home/omar/amrws/install/camera_drivers/lib/python3.12/site-packages/camera_drivers/examples/mono\n'}
[9.839582] (camera_drivers) StdoutLine: {'line': b'copying /home/omar/amrws/build/camera_drivers/build/lib/camera_drivers/examples/mono/mono_server.py -> /home/omar/amrws/install/camera_drivers/lib/python3.12/site-packages/camera_drivers/examples/mono\n'}
[9.840064] (camera_drivers) StdoutLine: {'line': b'creating /home/omar/amrws/install/camera_drivers/lib/python3.12/site-packages/camera_drivers/examples/stereo\n'}
[9.840272] (camera_drivers) StdoutLine: {'line': b'copying /home/omar/amrws/build/camera_drivers/build/lib/camera_drivers/examples/stereo/stereo_client.py -> /home/omar/amrws/install/camera_drivers/lib/python3.12/site-packages/camera_drivers/examples/stereo\n'}
[9.840502] (camera_drivers) StdoutLine: {'line': b'copying /home/omar/amrws/build/camera_drivers/build/lib/camera_drivers/examples/stereo/__init__.py -> /home/omar/amrws/install/camera_drivers/lib/python3.12/site-packages/camera_drivers/examples/stereo\n'}
[9.840716] (camera_drivers) StdoutLine: {'line': b'copying /home/omar/amrws/build/camera_drivers/build/lib/camera_drivers/examples/stereo/stereo_publisher.py -> /home/omar/amrws/install/camera_drivers/lib/python3.12/site-packages/camera_drivers/examples/stereo\n'}
[9.840990] (camera_drivers) StdoutLine: {'line': b'copying /home/omar/amrws/build/camera_drivers/build/lib/camera_drivers/examples/stereo/stereo_server.py -> /home/omar/amrws/install/camera_drivers/lib/python3.12/site-packages/camera_drivers/examples/stereo\n'}
[9.843344] (camera_drivers) StdoutLine: {'line': b'copying /home/omar/amrws/build/camera_drivers/build/lib/camera_drivers/examples/stereo/stereo_subscriber.py -> /home/omar/amrws/install/camera_drivers/lib/python3.12/site-packages/camera_drivers/examples/stereo\n'}
[9.843581] (camera_drivers) StdoutLine: {'line': b'copying /home/omar/amrws/build/camera_drivers/build/lib/camera_drivers/examples/stereo/stereo_getter.py -> /home/omar/amrws/install/camera_drivers/lib/python3.12/site-packages/camera_drivers/examples/stereo\n'}
[9.843796] (camera_drivers) StdoutLine: {'line': b'copying /home/omar/amrws/build/camera_drivers/build/lib/camera_drivers/camera_index_tester.py -> /home/omar/amrws/install/camera_drivers/lib/python3.12/site-packages/camera_drivers\n'}
[9.844007] (camera_drivers) StdoutLine: {'line': b'copying /home/omar/amrws/build/camera_drivers/build/lib/camera_drivers/cameradriver.py -> /home/omar/amrws/install/camera_drivers/lib/python3.12/site-packages/camera_drivers\n'}
[9.844267] (camera_drivers) StdoutLine: {'line': b'byte-compiling /home/omar/amrws/install/camera_drivers/lib/python3.12/site-packages/camera_drivers/__init__.py to __init__.cpython-312.pyc\n'}
[9.844467] (camera_drivers) StdoutLine: {'line': b'byte-compiling /home/omar/amrws/install/camera_drivers/lib/python3.12/site-packages/camera_drivers/cameraclass.py to cameraclass.cpython-312.pyc\n'}
[9.851061] (camera_drivers) StdoutLine: {'line': b'byte-compiling /home/omar/amrws/install/camera_drivers/lib/python3.12/site-packages/camera_drivers/python_stereo_camera_calibrate/calib.py to calib.cpython-312.pyc\n'}
[9.856249] (amr_khaled) StdoutLine: {'line': b'Copying ../../build/amr_khaled/amr_khaled.egg-info to /home/omar/amrws/install/amr_khaled/lib/python3.12/site-packages/amr_khaled-0.0.0-py3.12.egg-info\n'}
[9.857996] (amr_khaled) StdoutLine: {'line': b'running install_scripts\n'}
[9.865685] (camera_drivers) StdoutLine: {'line': b'byte-compiling /home/omar/amrws/install/camera_drivers/lib/python3.12/site-packages/camera_drivers/examples/kinect_v1/__init__.py to __init__.cpython-312.pyc\n'}
[9.866136] (camera_drivers) StdoutLine: {'line': b'byte-compiling /home/omar/amrws/install/camera_drivers/lib/python3.12/site-packages/camera_drivers/examples/kinect_v1/kinect_v1_subscriber2.py to kinect_v1_subscriber2.cpython-312.pyc\n'}
[9.867122] (camera_drivers) StdoutLine: {'line': b'byte-compiling /home/omar/amrws/install/camera_drivers/lib/python3.12/site-packages/camera_drivers/examples/kinect_v1/kinect_v1_subscriber.py to kinect_v1_subscriber.cpython-312.pyc\n'}
[9.868055] (camera_drivers) StdoutLine: {'line': b'byte-compiling /home/omar/amrws/install/camera_drivers/lib/python3.12/site-packages/camera_drivers/examples/kinect_v2/kinect_v2_subscriber.py to kinect_v2_subscriber.cpython-312.pyc\n'}
[9.869068] (camera_drivers) StdoutLine: {'line': b'byte-compiling /home/omar/amrws/install/camera_drivers/lib/python3.12/site-packages/camera_drivers/examples/kinect_v2/kinect_v2_subscriber2.py to kinect_v2_subscriber2.cpython-312.pyc\n'}
[9.870552] (camera_drivers) StdoutLine: {'line': b'byte-compiling /home/omar/amrws/install/camera_drivers/lib/python3.12/site-packages/camera_drivers/examples/mono/__init__.py to __init__.cpython-312.pyc\n'}
[9.872058] (camera_drivers) StdoutLine: {'line': b'byte-compiling /home/omar/amrws/install/camera_drivers/lib/python3.12/site-packages/camera_drivers/examples/mono/mono_publisher.py to mono_publisher.cpython-312.pyc\n'}
[9.873294] (camera_drivers) StdoutLine: {'line': b'byte-compiling /home/omar/amrws/install/camera_drivers/lib/python3.12/site-packages/camera_drivers/examples/mono/mono_subscriber.py to mono_subscriber.cpython-312.pyc\n'}
[9.874056] (camera_drivers) StdoutLine: {'line': b'byte-compiling /home/omar/amrws/install/camera_drivers/lib/python3.12/site-packages/camera_drivers/examples/mono/mono_client.py to mono_client.cpython-312.pyc\n'}
[9.875053] (camera_drivers) StdoutLine: {'line': b'byte-compiling /home/omar/amrws/install/camera_drivers/lib/python3.12/site-packages/camera_drivers/examples/mono/mono_getter.py to mono_getter.cpython-312.pyc\n'}
[9.876072] (camera_drivers) StdoutLine: {'line': b'byte-compiling /home/omar/amrws/install/camera_drivers/lib/python3.12/site-packages/camera_drivers/examples/mono/mono_server.py to mono_server.cpython-312.pyc\n'}
[9.876873] (camera_drivers) StdoutLine: {'line': b'byte-compiling /home/omar/amrws/install/camera_drivers/lib/python3.12/site-packages/camera_drivers/examples/stereo/stereo_client.py to stereo_client.cpython-312.pyc\n'}
[9.877844] (camera_drivers) StdoutLine: {'line': b'byte-compiling /home/omar/amrws/install/camera_drivers/lib/python3.12/site-packages/camera_drivers/examples/stereo/__init__.py to __init__.cpython-312.pyc\n'}
[9.879453] (camera_drivers) StdoutLine: {'line': b'byte-compiling /home/omar/amrws/install/camera_drivers/lib/python3.12/site-packages/camera_drivers/examples/stereo/stereo_publisher.py to stereo_publisher.cpython-312.pyc\n'}
[9.879741] (camera_drivers) StdoutLine: {'line': b'byte-compiling /home/omar/amrws/install/camera_drivers/lib/python3.12/site-packages/camera_drivers/examples/stereo/stereo_server.py to stereo_server.cpython-312.pyc\n'}
[9.882070] (camera_drivers) StdoutLine: {'line': b'byte-compiling /home/omar/amrws/install/camera_drivers/lib/python3.12/site-packages/camera_drivers/examples/stereo/stereo_subscriber.py to stereo_subscriber.cpython-312.pyc\n'}
[9.882362] (camera_drivers) StdoutLine: {'line': b'byte-compiling /home/omar/amrws/install/camera_drivers/lib/python3.12/site-packages/camera_drivers/examples/stereo/stereo_getter.py to stereo_getter.cpython-312.pyc\n'}
[9.882576] (camera_drivers) StdoutLine: {'line': b'byte-compiling /home/omar/amrws/install/camera_drivers/lib/python3.12/site-packages/camera_drivers/camera_index_tester.py to camera_index_tester.cpython-312.pyc\n'}
[9.883776] (camera_drivers) StdoutLine: {'line': b'byte-compiling /home/omar/amrws/install/camera_drivers/lib/python3.12/site-packages/camera_drivers/cameradriver.py to cameradriver.cpython-312.pyc\n'}
[9.890961] (camera_drivers) StdoutLine: {'line': b'running install_data\n'}
[9.891417] (camera_drivers) StdoutLine: {'line': b'creating /home/omar/amrws/install/camera_drivers/share/ament_index\n'}
[9.891719] (camera_drivers) StdoutLine: {'line': b'creating /home/omar/amrws/install/camera_drivers/share/ament_index/resource_index\n'}
[9.892009] (camera_drivers) StdoutLine: {'line': b'creating /home/omar/amrws/install/camera_drivers/share/ament_index/resource_index/packages\n'}
[9.892702] (-) TimerEvent: {}
[9.895138] (camera_drivers) StdoutLine: {'line': b'copying resource/camera_drivers -> /home/omar/amrws/install/camera_drivers/share/ament_index/resource_index/packages\n'}
[9.895430] (camera_drivers) StdoutLine: {'line': b'copying package.xml -> /home/omar/amrws/install/camera_drivers/share/camera_drivers\n'}
[9.895647] (camera_drivers) StdoutLine: {'line': b'running install_egg_info\n'}
[9.900412] (robot_kinematics_pkg) StdoutLine: {'line': b'Copying ../../../build/robot_kinematics_pkg/robot_kinematics_pkg.egg-info to /home/omar/amrws/install/robot_kinematics_pkg/lib/python3.12/site-packages/robot_kinematics_pkg-0.0.0-py3.12.egg-info\n'}
[9.902341] (robot_kinematics_pkg) StdoutLine: {'line': b'running install_scripts\n'}
[9.923640] (competetion_bringup) StdoutLine: {'line': b'Copying ../../../build/competetion_bringup/competetion_bringup.egg-info to /home/omar/amrws/install/competetion_bringup/lib/python3.12/site-packages/competetion_bringup-0.0.0-py3.12.egg-info\n'}
[9.926038] (competetion_bringup) StdoutLine: {'line': b'running install_scripts\n'}
[9.992838] (-) TimerEvent: {}
[10.012326] (camera_drivers) StdoutLine: {'line': b'Copying ../../../build/camera_drivers/camera_drivers.egg-info to /home/omar/amrws/install/camera_drivers/lib/python3.12/site-packages/camera_drivers-0.0.0-py3.12.egg-info\n'}
[10.014501] (camera_drivers) StdoutLine: {'line': b'running install_scripts\n'}
[10.092946] (-) TimerEvent: {}
[10.193349] (-) TimerEvent: {}
[10.293715] (-) TimerEvent: {}
[10.394074] (-) TimerEvent: {}
[10.469063] (amr_khaled) StdoutLine: {'line': b'Installing wasd_teleop_node script to /home/omar/amrws/install/amr_khaled/lib/amr_khaled\n'}
[10.469965] (amr_khaled) StdoutLine: {'line': b"writing list of installed files to '/home/omar/amrws/build/amr_khaled/install.log'\n"}
[10.495083] (-) TimerEvent: {}
[10.498791] (robot_kinematics_pkg) StdoutLine: {'line': b'Installing diff_2wheels_forward script to /home/omar/amrws/install/robot_kinematics_pkg/lib/robot_kinematics_pkg\n'}
[10.499129] (robot_kinematics_pkg) StdoutLine: {'line': b'Installing diff_2wheels_invers script to /home/omar/amrws/install/robot_kinematics_pkg/lib/robot_kinematics_pkg\n'}
[10.499549] (robot_kinematics_pkg) StdoutLine: {'line': b'Installing diff_forward script to /home/omar/amrws/install/robot_kinematics_pkg/lib/robot_kinematics_pkg\n'}
[10.500195] (robot_kinematics_pkg) StdoutLine: {'line': b'Installing diff_forward_r1 script to /home/omar/amrws/install/robot_kinematics_pkg/lib/robot_kinematics_pkg\n'}
[10.500464] (robot_kinematics_pkg) StdoutLine: {'line': b'Installing diff_invers script to /home/omar/amrws/install/robot_kinematics_pkg/lib/robot_kinematics_pkg\n'}
[10.500762] (robot_kinematics_pkg) StdoutLine: {'line': b'Installing diff_invers_new_r1 script to /home/omar/amrws/install/robot_kinematics_pkg/lib/robot_kinematics_pkg\n'}
[10.501071] (robot_kinematics_pkg) StdoutLine: {'line': b'Installing diff_invers_r1 script to /home/omar/amrws/install/robot_kinematics_pkg/lib/robot_kinematics_pkg\n'}
[10.501681] (robot_kinematics_pkg) StdoutLine: {'line': b'Installing kinematics script to /home/omar/amrws/install/robot_kinematics_pkg/lib/robot_kinematics_pkg\n'}
[10.501967] (robot_kinematics_pkg) StdoutLine: {'line': b'Installing mecanum_forward script to /home/omar/amrws/install/robot_kinematics_pkg/lib/robot_kinematics_pkg\n'}
[10.502242] (robot_kinematics_pkg) StdoutLine: {'line': b'Installing mecanum_invers script to /home/omar/amrws/install/robot_kinematics_pkg/lib/robot_kinematics_pkg\n'}
[10.502576] (robot_kinematics_pkg) StdoutLine: {'line': b'Installing mecanum_invers_r2 script to /home/omar/amrws/install/robot_kinematics_pkg/lib/robot_kinematics_pkg\n'}
[10.502843] (robot_kinematics_pkg) StdoutLine: {'line': b'Installing omni3_forward script to /home/omar/amrws/install/robot_kinematics_pkg/lib/robot_kinematics_pkg\n'}
[10.503143] (robot_kinematics_pkg) StdoutLine: {'line': b'Installing omni3_invers script to /home/omar/amrws/install/robot_kinematics_pkg/lib/robot_kinematics_pkg\n'}
[10.503381] (robot_kinematics_pkg) StdoutLine: {'line': b'Installing omni4_forward script to /home/omar/amrws/install/robot_kinematics_pkg/lib/robot_kinematics_pkg\n'}
[10.503581] (robot_kinematics_pkg) StdoutLine: {'line': b'Installing omni4_invers script to /home/omar/amrws/install/robot_kinematics_pkg/lib/robot_kinematics_pkg\n'}
[10.504319] (robot_kinematics_pkg) StdoutLine: {'line': b'Installing omni6_invers script to /home/omar/amrws/install/robot_kinematics_pkg/lib/robot_kinematics_pkg\n'}
[10.506224] (robot_kinematics_pkg) StdoutLine: {'line': b"writing list of installed files to '/home/omar/amrws/build/robot_kinematics_pkg/install.log'\n"}
[10.543827] (competetion_bringup) StdoutLine: {'line': b"writing list of installed files to '/home/omar/amrws/build/competetion_bringup/install.log'\n"}
[10.556124] (amr_khaled) CommandEnded: {'returncode': 0}
[10.595190] (-) TimerEvent: {}
[10.652217] (amr_khaled) JobEnded: {'identifier': 'amr_khaled', 'rc': 0}
[10.654876] (srv_pkg) JobStarted: {'identifier': 'srv_pkg'}
[10.667763] (robot_kinematics_pkg) CommandEnded: {'returncode': 0}
[10.669141] (camera_drivers) StdoutLine: {'line': b'Installing index_tester script to /home/omar/amrws/install/camera_drivers/lib/camera_drivers\n'}
[10.669468] (camera_drivers) StdoutLine: {'line': b'Installing kinect_v1_subscriber script to /home/omar/amrws/install/camera_drivers/lib/camera_drivers\n'}
[10.669920] (camera_drivers) StdoutLine: {'line': b'Installing kinect_v1_subscriber2 script to /home/omar/amrws/install/camera_drivers/lib/camera_drivers\n'}
[10.670176] (camera_drivers) StdoutLine: {'line': b'Installing kinect_v2_subscriber script to /home/omar/amrws/install/camera_drivers/lib/camera_drivers\n'}
[10.670584] (camera_drivers) StdoutLine: {'line': b'Installing kinect_v2_subscriber2 script to /home/omar/amrws/install/camera_drivers/lib/camera_drivers\n'}
[10.670829] (camera_drivers) StdoutLine: {'line': b'Installing mono_client script to /home/omar/amrws/install/camera_drivers/lib/camera_drivers\n'}
[10.671498] (camera_drivers) StdoutLine: {'line': b'Installing mono_getter script to /home/omar/amrws/install/camera_drivers/lib/camera_drivers\n'}
[10.671726] (camera_drivers) StdoutLine: {'line': b'Installing mono_publisher script to /home/omar/amrws/install/camera_drivers/lib/camera_drivers\n'}
[10.671942] (camera_drivers) StdoutLine: {'line': b'Installing mono_server script to /home/omar/amrws/install/camera_drivers/lib/camera_drivers\n'}
[10.672204] (camera_drivers) StdoutLine: {'line': b'Installing mono_subscriber script to /home/omar/amrws/install/camera_drivers/lib/camera_drivers\n'}
[10.672442] (camera_drivers) StdoutLine: {'line': b'Installing stereo_client script to /home/omar/amrws/install/camera_drivers/lib/camera_drivers\n'}
[10.672647] (camera_drivers) StdoutLine: {'line': b'Installing stereo_getter script to /home/omar/amrws/install/camera_drivers/lib/camera_drivers\n'}
[10.672824] (camera_drivers) StdoutLine: {'line': b'Installing stereo_publisher script to /home/omar/amrws/install/camera_drivers/lib/camera_drivers\n'}
[10.673038] (camera_drivers) StdoutLine: {'line': b'Installing stereo_server script to /home/omar/amrws/install/camera_drivers/lib/camera_drivers\n'}
[10.673253] (camera_drivers) StdoutLine: {'line': b'Installing stereo_subscriber script to /home/omar/amrws/install/camera_drivers/lib/camera_drivers\n'}
[10.673541] (camera_drivers) StdoutLine: {'line': b"writing list of installed files to '/home/omar/amrws/build/camera_drivers/install.log'\n"}
[10.683742] (robot_kinematics_pkg) JobEnded: {'identifier': 'robot_kinematics_pkg', 'rc': 0}
[10.687708] (competetion_bringup) CommandEnded: {'returncode': 0}
[10.695389] (-) TimerEvent: {}
[10.702375] (competetion_bringup) JobEnded: {'identifier': 'competetion_bringup', 'rc': 0}
[10.704733] (srv_pkg) JobProgress: {'identifier': 'srv_pkg', 'progress': 'cmake'}
[10.707514] (srv_pkg) Command: {'cmd': ['/usr/bin/cmake', '/home/omar/amrws/src/MIA_training_competion2026/srv_pkg', '-DCMAKE_INSTALL_PREFIX=/home/omar/amrws/install/srv_pkg'], 'cwd': '/home/omar/amrws/build/srv_pkg', 'env': OrderedDict({'LESSOPEN': '| /usr/bin/lesspipe %s', 'GZ_SIM_RESOURCE_PATH': '/opt/ros/jazzy/share', 'USER': 'omar', 'GZ_CONFIG_PATH': '/opt/ros/jazzy/opt/gz_sim_vendor/share/gz:/opt/ros/jazzy/opt/sdformat_vendor/share/gz:/opt/ros/jazzy/opt/gz_gui_vendor/share/gz:/opt/ros/jazzy/opt/gz_transport_vendor/share/gz:/opt/ros/jazzy/opt/gz_rendering_vendor/share/gz:/opt/ros/jazzy/opt/gz_plugin_vendor/share/gz:/opt/ros/jazzy/opt/gz_fuel_tools_vendor/share/gz:/opt/ros/jazzy/opt/gz_msgs_vendor/share/gz:/opt/ros/jazzy/opt/gz_common_vendor/share/gz', 'XDG_SESSION_TYPE': 'wayland', 'SHLVL': '1', 'LD_LIBRARY_PATH': '/home/omar/microros_ws/install/micro_ros_agent/lib:/home/omar/microros_ws/install/micro_ros_msgs/lib:/opt/ros/jazzy/opt/gz_sim_vendor/lib:/opt/ros/jazzy/opt/gz_sensors_vendor/lib:/opt/ros/jazzy/opt/gz_physics_vendor/lib:/opt/ros/jazzy/opt/sdformat_vendor/lib:/opt/ros/jazzy/opt/rviz_ogre_vendor/lib:/opt/ros/jazzy/lib/x86_64-linux-gnu:/opt/ros/jazzy/opt/gz_gui_vendor/lib:/opt/ros/jazzy/opt/gz_transport_vendor/lib:/opt/ros/jazzy/opt/gz_rendering_vendor/lib:/opt/ros/jazzy/opt/gz_plugin_vendor/lib:/opt/ros/jazzy/opt/gz_fuel_tools_vendor/lib:/opt/ros/jazzy/opt/gz_msgs_vendor/lib:/opt/ros/jazzy/opt/gz_common_vendor/lib:/opt/ros/jazzy/opt/gz_math_vendor/lib:/opt/ros/jazzy/opt/gz_utils_vendor/lib:/opt/ros/jazzy/opt/gz_tools_vendor/lib:/opt/ros/jazzy/opt/gz_ogre_next_vendor/lib:/opt/ros/jazzy/opt/gz_dartsim_vendor/lib:/opt/ros/jazzy/opt/gz_cmake_vendor/lib:/opt/ros/jazzy/lib', 'HOME': '/home/omar', 'OLDPWD': '/home/omar', 'DESKTOP_SESSION': 'ubuntu', 'PYENV_SHELL': 'bash', 'ROS_PYTHON_VERSION': '3', 'GNOME_SHELL_SESSION_MODE': 'ubuntu', 'GTK_MODULES': 'gail:atk-bridge', 'SYSTEMD_EXEC_PID': '2765', 'GSM_SKIP_SSH_AGENT_WORKAROUND': 'true', 'DBUS_SESSION_BUS_ADDRESS': 'unix:path=/run/user/1000/bus', 'COLORTERM': 'truecolor', 'GNOME_KEYRING_CONTROL': '/run/user/1000/keyring', 'DEBUGINFOD_URLS': 'https://debuginfod.ubuntu.com', 'IM_CONFIG_PHASE': '1', 'WAYLAND_DISPLAY': 'wayland-0', 'COLCON_PREFIX_PATH': '/home/omar/microros_ws/install', 'ROS_DISTRO': 'jazzy', 'LOGNAME': 'omar', '_': '/usr/bin/colcon', 'ROS_VERSION': '2', 'MEMORY_PRESSURE_WATCH': '/sys/fs/cgroup/user.slice/user-1000.slice/user@1000.service/session.slice/org.gnome.SettingsDaemon.MediaKeys.service/memory.pressure', 'XDG_SESSION_CLASS': 'user', 'USERNAME': 'omar', 'STM32_PRG_PATH': '/home/omar/STMicroelectronics/STM32Cube/STM32CubeProgrammer/bin', 'TERM': 'xterm-256color', 'GNOME_DESKTOP_SESSION_ID': 'this-is-deprecated', 'PATH': '/opt/ros/jazzy/opt/gz_msgs_vendor/bin:/opt/ros/jazzy/opt/gz_tools_vendor/bin:/opt/ros/jazzy/opt/gz_ogre_next_vendor/bin:/opt/ros/jazzy/bin:/home/omar/.pyenv/shims:/home/omar/.pyenv/bin:/home/omar/.local/bin:/usr/local/sbin:/usr/local/bin:/usr/sbin:/usr/bin:/sbin:/bin:/usr/games:/usr/local/games:/snap/bin:/snap/bin', 'SESSION_MANAGER': 'local/omar-Aspire-A315-53:@/tmp/.ICE-unix/2582,unix/omar-Aspire-A315-53:/tmp/.ICE-unix/2582', 'XDG_MENU_PREFIX': 'gnome-', 'GNOME_TERMINAL_SCREEN': '/org/gnome/Terminal/screen/540d1515_467e_4681_aa71_d1071492844f', 'GNOME_SETUP_DISPLAY': ':1', 'XDG_RUNTIME_DIR': '/run/user/1000', 'DISPLAY': ':0', 'LANG': 'en_US.UTF-8', 'XDG_CURRENT_DESKTOP': 'ubuntu:GNOME', 'XMODIFIERS': '@im=ibus', 'XDG_SESSION_DESKTOP': 'ubuntu', 'XAUTHORITY': '/run/user/1000/.mutter-Xwaylandauth.TNHDV3', 'LS_COLORS': 'rs=0:di=01;34:ln=01;36:mh=00:pi=40;33:so=01;35:do=01;35:bd=40;33;01:cd=40;33;01:or=40;31;01:mi=00:su=37;41:sg=30;43:ca=00:tw=30;42:ow=34;42:st=37;44:ex=01;32:*.tar=01;31:*.tgz=01;31:*.arc=01;31:*.arj=01;31:*.taz=01;31:*.lha=01;31:*.lz4=01;31:*.lzh=01;31:*.lzma=01;31:*.tlz=01;31:*.txz=01;31:*.tzo=01;31:*.t7z=01;31:*.zip=01;31:*.z=01;31:*.dz=01;31:*.gz=01;31:*.lrz=01;31:*.lz=01;31:*.lzo=01;31:*.xz=01;31:*.zst=01;31:*.tzst=01;31:*.bz2=01;31:*.bz=01;31:*.tbz=01;31:*.tbz2=01;31:*.tz=01;31:*.deb=01;31:*.rpm=01;31:*.jar=01;31:*.war=01;31:*.ear=01;31:*.sar=01;31:*.rar=01;31:*.alz=01;31:*.ace=01;31:*.zoo=01;31:*.cpio=01;31:*.7z=01;31:*.rz=01;31:*.cab=01;31:*.wim=01;31:*.swm=01;31:*.dwm=01;31:*.esd=01;31:*.avif=01;35:*.jpg=01;35:*.jpeg=01;35:*.mjpg=01;35:*.mjpeg=01;35:*.gif=01;35:*.bmp=01;35:*.pbm=01;35:*.pgm=01;35:*.ppm=01;35:*.tga=01;35:*.xbm=01;35:*.xpm=01;35:*.tif=01;35:*.tiff=01;35:*.png=01;35:*.svg=01;35:*.svgz=01;35:*.mng=01;35:*.pcx=01;35:*.mov=01;35:*.mpg=01;35:*.mpeg=01;35:*.m2v=01;35:*.mkv=01;35:*.webm=01;35:*.webp=01;35:*.ogm=01;35:*.mp4=01;35:*.m4v=01;35:*.mp4v=01;35:*.vob=01;35:*.qt=01;35:*.nuv=01;35:*.wmv=01;35:*.asf=01;35:*.rm=01;35:*.rmvb=01;35:*.flc=01;35:*.avi=01;35:*.fli=01;35:*.flv=01;35:*.gl=01;35:*.dl=01;35:*.xcf=01;35:*.xwd=01;35:*.yuv=01;35:*.cgm=01;35:*.emf=01;35:*.ogv=01;35:*.ogx=01;35:*.aac=00;36:*.au=00;36:*.flac=00;36:*.m4a=00;36:*.mid=00;36:*.midi=00;36:*.mka=00;36:*.mp3=00;36:*.mpc=00;36:*.ogg=00;36:*.ra=00;36:*.wav=00;36:*.oga=00;36:*.opus=00;36:*.spx=00;36:*.xspf=00;36:*~=00;90:*#=00;90:*.bak=00;90:*.crdownload=00;90:*.dpkg-dist=00;90:*.dpkg-new=00;90:*.dpkg-old=00;90:*.dpkg-tmp=00;90:*.old=00;90:*.orig=00;90:*.part=00;90:*.rej=00;90:*.rpmnew=00;90:*.rpmorig=00;90:*.rpmsave=00;90:*.swp=00;90:*.tmp=00;90:*.ucf-dist=00;90:*.ucf-new=00;90:*.ucf-old=00;90:', 'GNOME_TERMINAL_SERVICE': ':1.175', 'SSH_AUTH_SOCK': '/run/user/1000/keyring/ssh', 'AMENT_PREFIX_PATH': '/home/omar/microros_ws/install/micro_ros_setup:/home/omar/microros_ws/install/micro_ros_agent:/home/omar/microros_ws/install/micro_ros_msgs:/opt/ros/jazzy', 'SHELL': '/bin/bash', 'QT_ACCESSIBILITY': '1', 'GDMSESSION': 'ubuntu', 'LESSCLOSE': '/usr/bin/lesspipe %s %s', 'ROS_AUTOMATIC_DISCOVERY_RANGE': 'SUBNET', 'QT_IM_MODULE': 'ibus', 'PWD': '/home/omar/amrws/build/srv_pkg', 'LC_ALL': 'en_US.UTF-8', 'XDG_CONFIG_DIRS': '/etc/xdg/xdg-ubuntu:/etc/xdg', 'PYENV_ROOT': '/home/omar/.pyenv', 'XDG_DATA_DIRS': '/usr/share/ubuntu:/usr/share/gnome:/usr/local/share/:/usr/share/:/var/lib/snapd/desktop', 'PYTHONPATH': '/home/omar/microros_ws/install/micro_ros_msgs/lib/python3.12/site-packages:/opt/ros/jazzy/lib/python3.12/site-packages', 'COLCON': '1', 'MEMORY_PRESSURE_WRITE': 'c29tZSAyMDAwMDAgMjAwMDAwMAA=', 'VTE_VERSION': '7600', 'CMAKE_PREFIX_PATH': '/home/omar/microros_ws/install/micro_ros_setup:/home/omar/microros_ws/install/micro_ros_agent:/home/omar/microros_ws/install/micro_ros_msgs:/opt/ros/jazzy/opt/gz_sim_vendor:/opt/ros/jazzy/opt/gz_sensors_vendor:/opt/ros/jazzy/opt/gz_physics_vendor:/opt/ros/jazzy/opt/sdformat_vendor:/opt/ros/jazzy/opt/gz_gui_vendor:/opt/ros/jazzy/opt/gz_transport_vendor:/opt/ros/jazzy/opt/gz_rendering_vendor:/opt/ros/jazzy/opt/gz_plugin_vendor:/opt/ros/jazzy/opt/gz_fuel_tools_vendor:/opt/ros/jazzy/opt/gz_msgs_vendor:/opt/ros/jazzy/opt/gz_common_vendor:/opt/ros/jazzy/opt/gz_math_vendor:/opt/ros/jazzy/opt/gz_utils_vendor:/opt/ros/jazzy/opt/gz_tools_vendor:/opt/ros/jazzy/opt/gz_ogre_next_vendor:/opt/ros/jazzy/opt/gz_dartsim_vendor:/opt/ros/jazzy/opt/gz_cmake_vendor:/opt/ros/jazzy'}), 'shell': False}
[10.731799] (camera_drivers) CommandEnded: {'returncode': 0}
[10.742798] (camera_drivers) JobEnded: {'identifier': 'camera_drivers', 'rc': 0}
[10.795596] (-) TimerEvent: {}
[10.895977] (-) TimerEvent: {}
[10.996851] (-) TimerEvent: {}
[11.097423] (-) TimerEvent: {}
[11.197952] (-) TimerEvent: {}
[11.298636] (-) TimerEvent: {}
[11.399288] (-) TimerEvent: {}
[11.499995] (-) TimerEvent: {}
[11.600654] (-) TimerEvent: {}
[11.701443] (-) TimerEvent: {}
[11.770409] (srv_pkg) StdoutLine: {'line': b'-- The C compiler identification is GNU 13.3.0\n'}
[11.801678] (-) TimerEvent: {}
[11.902164] (-) TimerEvent: {}
[12.003181] (-) TimerEvent: {}
[12.103701] (-) TimerEvent: {}
[12.204942] (-) TimerEvent: {}
[12.306113] (-) TimerEvent: {}
[12.406930] (-) TimerEvent: {}
[12.507685] (-) TimerEvent: {}
[12.574299] (srv_pkg) StdoutLine: {'line': b'-- The CXX compiler identification is GNU 13.3.0\n'}
[12.607890] (-) TimerEvent: {}
[12.666488] (srv_pkg) StdoutLine: {'line': b'-- Detecting C compiler ABI info\n'}
[12.708106] (-) TimerEvent: {}
[12.808527] (-) TimerEvent: {}
[12.908933] (-) TimerEvent: {}
[12.913361] (srv_pkg) StdoutLine: {'line': b'-- Detecting C compiler ABI info - done\n'}
[12.929446] (srv_pkg) StdoutLine: {'line': b'-- Check for working C compiler: /usr/bin/cc - skipped\n'}
[12.930139] (srv_pkg) StdoutLine: {'line': b'-- Detecting C compile features\n'}
[12.931056] (srv_pkg) StdoutLine: {'line': b'-- Detecting C compile features - done\n'}
[12.946756] (srv_pkg) StdoutLine: {'line': b'-- Detecting CXX compiler ABI info\n'}
[13.009087] (-) TimerEvent: {}
[13.104355] (srv_pkg) StdoutLine: {'line': b'-- Detecting CXX compiler ABI info - done\n'}
[13.109166] (-) TimerEvent: {}
[13.121335] (srv_pkg) StdoutLine: {'line': b'-- Check for working CXX compiler: /usr/bin/c++ - skipped\n'}
[13.121894] (srv_pkg) StdoutLine: {'line': b'-- Detecting CXX compile features\n'}
[13.122845] (srv_pkg) StdoutLine: {'line': b'-- Detecting CXX compile features - done\n'}
[13.209382] (-) TimerEvent: {}
[13.310477] (-) TimerEvent: {}
[13.411172] (-) TimerEvent: {}
[13.512425] (-) TimerEvent: {}
[13.613177] (-) TimerEvent: {}
[13.713898] (-) TimerEvent: {}
[13.815120] (-) TimerEvent: {}
[13.876515] (srv_pkg) StdoutLine: {'line': b'-- Found ament_cmake: 2.5.6 (/opt/ros/jazzy/share/ament_cmake/cmake)\n'}
[13.915354] (-) TimerEvent: {}
[14.016647] (-) TimerEvent: {}
[14.117344] (-) TimerEvent: {}
[14.217929] (-) TimerEvent: {}
[14.318404] (-) TimerEvent: {}
[14.418680] (-) TimerEvent: {}
[14.519058] (-) TimerEvent: {}
[14.533773] (srv_pkg) StdoutLine: {'line': b'-- Found Python3: /usr/bin/python3 (found version "3.12.3") found components: Interpreter \n'}
[14.619209] (-) TimerEvent: {}
[14.719491] (-) TimerEvent: {}
[14.819798] (-) TimerEvent: {}
[14.920227] (-) TimerEvent: {}
[14.967721] (srv_pkg) StdoutLine: {'line': b'-- Found rosidl_default_generators: 1.6.1 (/opt/ros/jazzy/share/rosidl_default_generators/cmake)\n'}
[15.020354] (-) TimerEvent: {}
[15.076078] (srv_pkg) StdoutLine: {'line': b'-- Using all available rosidl_typesupport_c: rosidl_typesupport_fastrtps_c;rosidl_typesupport_introspection_c\n'}
[15.120514] (-) TimerEvent: {}
[15.220955] (-) TimerEvent: {}
[15.321451] (-) TimerEvent: {}
[15.422257] (-) TimerEvent: {}
[15.464043] (srv_pkg) StdoutLine: {'line': b'-- Using all available rosidl_typesupport_cpp: rosidl_typesupport_fastrtps_cpp;rosidl_typesupport_introspection_cpp\n'}
[15.522375] (-) TimerEvent: {}
[15.622818] (-) TimerEvent: {}
[15.723543] (-) TimerEvent: {}
[15.823918] (-) TimerEvent: {}
[15.862605] (srv_pkg) StdoutLine: {'line': b'-- Found rosidl_adapter: 4.6.9 (/opt/ros/jazzy/share/rosidl_adapter/cmake)\n'}
[15.913914] (srv_pkg) StdoutLine: {'line': b'-- Found sensor_msgs: 5.3.8 (/opt/ros/jazzy/share/sensor_msgs/cmake)\n'}
[15.924174] (-) TimerEvent: {}
[16.024846] (-) TimerEvent: {}
[16.125301] (-) TimerEvent: {}
[16.225956] (-) TimerEvent: {}
[16.326465] (-) TimerEvent: {}
[16.426768] (-) TimerEvent: {}
[16.527107] (-) TimerEvent: {}
[16.627558] (-) TimerEvent: {}
[16.727842] (-) TimerEvent: {}
[16.828197] (-) TimerEvent: {}
[16.928519] (-) TimerEvent: {}
[17.028854] (-) TimerEvent: {}
[17.129188] (-) TimerEvent: {}
[17.229556] (-) TimerEvent: {}
[17.329842] (-) TimerEvent: {}
[17.430205] (-) TimerEvent: {}
[17.515055] (srv_pkg) StdoutLine: {'line': b'-- Found ament_cmake_ros: 0.12.1 (/opt/ros/jazzy/share/ament_cmake_ros/cmake)\n'}
[17.530369] (-) TimerEvent: {}
[17.630718] (-) TimerEvent: {}
[17.731033] (-) TimerEvent: {}
[17.831328] (-) TimerEvent: {}
[17.931680] (-) TimerEvent: {}
[18.032001] (-) TimerEvent: {}
[18.132329] (-) TimerEvent: {}
[18.232636] (-) TimerEvent: {}
[18.332958] (-) TimerEvent: {}
[18.433264] (-) TimerEvent: {}
[18.533544] (-) TimerEvent: {}
[18.536048] (srv_pkg) StdoutLine: {'line': b'-- Using all available rosidl_typesupport_c: rosidl_typesupport_fastrtps_c;rosidl_typesupport_introspection_c\n'}
[18.633690] (-) TimerEvent: {}
[18.733970] (-) TimerEvent: {}
[18.834310] (-) TimerEvent: {}
[18.934623] (-) TimerEvent: {}
[19.034898] (-) TimerEvent: {}
[19.135254] (-) TimerEvent: {}
[19.235606] (-) TimerEvent: {}
[19.335890] (-) TimerEvent: {}
[19.436230] (-) TimerEvent: {}
[19.536582] (-) TimerEvent: {}
[19.636881] (-) TimerEvent: {}
[19.737210] (-) TimerEvent: {}
[19.774031] (srv_pkg) StdoutLine: {'line': b'-- Using all available rosidl_typesupport_cpp: rosidl_typesupport_fastrtps_cpp;rosidl_typesupport_introspection_cpp\n'}
[19.804307] (srv_pkg) StdoutLine: {'line': b'-- Found python_cmake_module: 0.11.1 (/opt/ros/jazzy/share/python_cmake_module/cmake)\n'}
[19.837342] (-) TimerEvent: {}
[19.937635] (-) TimerEvent: {}
[20.031960] (srv_pkg) StdoutLine: {'line': b'-- Found PythonExtra: /usr/bin/python3  \n'}
[20.037740] (-) TimerEvent: {}
[20.138044] (-) TimerEvent: {}
[20.238337] (-) TimerEvent: {}
[20.338636] (-) TimerEvent: {}
[20.439033] (-) TimerEvent: {}
[20.539404] (-) TimerEvent: {}
[20.640152] (-) TimerEvent: {}
[20.741363] (-) TimerEvent: {}
[20.842125] (-) TimerEvent: {}
[20.942466] (-) TimerEvent: {}
[21.043155] (-) TimerEvent: {}
[21.143711] (-) TimerEvent: {}
[21.244525] (-) TimerEvent: {}
[21.345416] (-) TimerEvent: {}
[21.446171] (-) TimerEvent: {}
[21.546706] (-) TimerEvent: {}
[21.647690] (-) TimerEvent: {}
[21.748420] (-) TimerEvent: {}
[21.848753] (-) TimerEvent: {}
[21.947396] (srv_pkg) StdoutLine: {'line': b'-- Found Python3: /usr/bin/python3 (found version "3.12.3") found components: Interpreter Development NumPy Development.Module Development.Embed \n'}
[21.948872] (-) TimerEvent: {}
[22.049107] (-) TimerEvent: {}
[22.149421] (-) TimerEvent: {}
[22.199712] (srv_pkg) StdoutLine: {'line': b'-- Found Python3: /usr/bin/python3 (found version "3.12.3") found components: Interpreter \n'}
[22.234346] (srv_pkg) StdoutLine: {'line': b'-- Found ament_lint_auto: 0.17.5 (/opt/ros/jazzy/share/ament_lint_auto/cmake)\n'}
[22.249615] (-) TimerEvent: {}
[22.350079] (-) TimerEvent: {}
[22.394752] (srv_pkg) StdoutLine: {'line': b"-- Added test 'copyright' to check source files copyright and LICENSE\n"}
[22.399024] (srv_pkg) StdoutLine: {'line': b"-- Added test 'flake8' to check Python code syntax and style conventions\n"}
[22.399322] (srv_pkg) StdoutLine: {'line': b"-- Configured 'flake8' exclude dirs and/or files: \n"}
[22.401078] (srv_pkg) StdoutLine: {'line': b"-- Added test 'lint_cmake' to check CMake code style\n"}
[22.402934] (srv_pkg) StdoutLine: {'line': b"-- Added test 'pep257' to check Python code against some of the docstring style conventions in PEP 257\n"}
[22.405706] (srv_pkg) StdoutLine: {'line': b"-- Added test 'xmllint' to check XML markup files\n"}
[22.412665] (srv_pkg) StdoutLine: {'line': b'-- Configuring done (11.6s)\n'}
[22.450191] (-) TimerEvent: {}
[22.538770] (srv_pkg) StdoutLine: {'line': b'-- Generating done (0.1s)\n'}
[22.550312] (-) TimerEvent: {}
[22.562199] (srv_pkg) StdoutLine: {'line': b'-- Build files have been written to: /home/omar/amrws/build/srv_pkg\n'}
[22.578820] (srv_pkg) CommandEnded: {'returncode': 0}
[22.579781] (srv_pkg) JobProgress: {'identifier': 'srv_pkg', 'progress': 'build'}
[22.580648] (srv_pkg) Command: {'cmd': ['/usr/bin/cmake', '--build', '/home/omar/amrws/build/srv_pkg', '--', '-j4', '-l4'], 'cwd': '/home/omar/amrws/build/srv_pkg', 'env': OrderedDict({'LESSOPEN': '| /usr/bin/lesspipe %s', 'GZ_SIM_RESOURCE_PATH': '/opt/ros/jazzy/share', 'USER': 'omar', 'GZ_CONFIG_PATH': '/opt/ros/jazzy/opt/gz_sim_vendor/share/gz:/opt/ros/jazzy/opt/sdformat_vendor/share/gz:/opt/ros/jazzy/opt/gz_gui_vendor/share/gz:/opt/ros/jazzy/opt/gz_transport_vendor/share/gz:/opt/ros/jazzy/opt/gz_rendering_vendor/share/gz:/opt/ros/jazzy/opt/gz_plugin_vendor/share/gz:/opt/ros/jazzy/opt/gz_fuel_tools_vendor/share/gz:/opt/ros/jazzy/opt/gz_msgs_vendor/share/gz:/opt/ros/jazzy/opt/gz_common_vendor/share/gz', 'XDG_SESSION_TYPE': 'wayland', 'SHLVL': '1', 'LD_LIBRARY_PATH': '/home/omar/microros_ws/install/micro_ros_agent/lib:/home/omar/microros_ws/install/micro_ros_msgs/lib:/opt/ros/jazzy/opt/gz_sim_vendor/lib:/opt/ros/jazzy/opt/gz_sensors_vendor/lib:/opt/ros/jazzy/opt/gz_physics_vendor/lib:/opt/ros/jazzy/opt/sdformat_vendor/lib:/opt/ros/jazzy/opt/rviz_ogre_vendor/lib:/opt/ros/jazzy/lib/x86_64-linux-gnu:/opt/ros/jazzy/opt/gz_gui_vendor/lib:/opt/ros/jazzy/opt/gz_transport_vendor/lib:/opt/ros/jazzy/opt/gz_rendering_vendor/lib:/opt/ros/jazzy/opt/gz_plugin_vendor/lib:/opt/ros/jazzy/opt/gz_fuel_tools_vendor/lib:/opt/ros/jazzy/opt/gz_msgs_vendor/lib:/opt/ros/jazzy/opt/gz_common_vendor/lib:/opt/ros/jazzy/opt/gz_math_vendor/lib:/opt/ros/jazzy/opt/gz_utils_vendor/lib:/opt/ros/jazzy/opt/gz_tools_vendor/lib:/opt/ros/jazzy/opt/gz_ogre_next_vendor/lib:/opt/ros/jazzy/opt/gz_dartsim_vendor/lib:/opt/ros/jazzy/opt/gz_cmake_vendor/lib:/opt/ros/jazzy/lib', 'HOME': '/home/omar', 'OLDPWD': '/home/omar', 'DESKTOP_SESSION': 'ubuntu', 'PYENV_SHELL': 'bash', 'ROS_PYTHON_VERSION': '3', 'GNOME_SHELL_SESSION_MODE': 'ubuntu', 'GTK_MODULES': 'gail:atk-bridge', 'SYSTEMD_EXEC_PID': '2765', 'GSM_SKIP_SSH_AGENT_WORKAROUND': 'true', 'DBUS_SESSION_BUS_ADDRESS': 'unix:path=/run/user/1000/bus', 'COLORTERM': 'truecolor', 'GNOME_KEYRING_CONTROL': '/run/user/1000/keyring', 'DEBUGINFOD_URLS': 'https://debuginfod.ubuntu.com', 'IM_CONFIG_PHASE': '1', 'WAYLAND_DISPLAY': 'wayland-0', 'COLCON_PREFIX_PATH': '/home/omar/microros_ws/install', 'ROS_DISTRO': 'jazzy', 'LOGNAME': 'omar', '_': '/usr/bin/colcon', 'ROS_VERSION': '2', 'MEMORY_PRESSURE_WATCH': '/sys/fs/cgroup/user.slice/user-1000.slice/user@1000.service/session.slice/org.gnome.SettingsDaemon.MediaKeys.service/memory.pressure', 'XDG_SESSION_CLASS': 'user', 'USERNAME': 'omar', 'STM32_PRG_PATH': '/home/omar/STMicroelectronics/STM32Cube/STM32CubeProgrammer/bin', 'TERM': 'xterm-256color', 'GNOME_DESKTOP_SESSION_ID': 'this-is-deprecated', 'PATH': '/opt/ros/jazzy/opt/gz_msgs_vendor/bin:/opt/ros/jazzy/opt/gz_tools_vendor/bin:/opt/ros/jazzy/opt/gz_ogre_next_vendor/bin:/opt/ros/jazzy/bin:/home/omar/.pyenv/shims:/home/omar/.pyenv/bin:/home/omar/.local/bin:/usr/local/sbin:/usr/local/bin:/usr/sbin:/usr/bin:/sbin:/bin:/usr/games:/usr/local/games:/snap/bin:/snap/bin', 'SESSION_MANAGER': 'local/omar-Aspire-A315-53:@/tmp/.ICE-unix/2582,unix/omar-Aspire-A315-53:/tmp/.ICE-unix/2582', 'XDG_MENU_PREFIX': 'gnome-', 'GNOME_TERMINAL_SCREEN': '/org/gnome/Terminal/screen/540d1515_467e_4681_aa71_d1071492844f', 'GNOME_SETUP_DISPLAY': ':1', 'XDG_RUNTIME_DIR': '/run/user/1000', 'DISPLAY': ':0', 'LANG': 'en_US.UTF-8', 'XDG_CURRENT_DESKTOP': 'ubuntu:GNOME', 'XMODIFIERS': '@im=ibus', 'XDG_SESSION_DESKTOP': 'ubuntu', 'XAUTHORITY': '/run/user/1000/.mutter-Xwaylandauth.TNHDV3', 'LS_COLORS': 'rs=0:di=01;34:ln=01;36:mh=00:pi=40;33:so=01;35:do=01;35:bd=40;33;01:cd=40;33;01:or=40;31;01:mi=00:su=37;41:sg=30;43:ca=00:tw=30;42:ow=34;42:st=37;44:ex=01;32:*.tar=01;31:*.tgz=01;31:*.arc=01;31:*.arj=01;31:*.taz=01;31:*.lha=01;31:*.lz4=01;31:*.lzh=01;31:*.lzma=01;31:*.tlz=01;31:*.txz=01;31:*.tzo=01;31:*.t7z=01;31:*.zip=01;31:*.z=01;31:*.dz=01;31:*.gz=01;31:*.lrz=01;31:*.lz=01;31:*.lzo=01;31:*.xz=01;31:*.zst=01;31:*.tzst=01;31:*.bz2=01;31:*.bz=01;31:*.tbz=01;31:*.tbz2=01;31:*.tz=01;31:*.deb=01;31:*.rpm=01;31:*.jar=01;31:*.war=01;31:*.ear=01;31:*.sar=01;31:*.rar=01;31:*.alz=01;31:*.ace=01;31:*.zoo=01;31:*.cpio=01;31:*.7z=01;31:*.rz=01;31:*.cab=01;31:*.wim=01;31:*.swm=01;31:*.dwm=01;31:*.esd=01;31:*.avif=01;35:*.jpg=01;35:*.jpeg=01;35:*.mjpg=01;35:*.mjpeg=01;35:*.gif=01;35:*.bmp=01;35:*.pbm=01;35:*.pgm=01;35:*.ppm=01;35:*.tga=01;35:*.xbm=01;35:*.xpm=01;35:*.tif=01;35:*.tiff=01;35:*.png=01;35:*.svg=01;35:*.svgz=01;35:*.mng=01;35:*.pcx=01;35:*.mov=01;35:*.mpg=01;35:*.mpeg=01;35:*.m2v=01;35:*.mkv=01;35:*.webm=01;35:*.webp=01;35:*.ogm=01;35:*.mp4=01;35:*.m4v=01;35:*.mp4v=01;35:*.vob=01;35:*.qt=01;35:*.nuv=01;35:*.wmv=01;35:*.asf=01;35:*.rm=01;35:*.rmvb=01;35:*.flc=01;35:*.avi=01;35:*.fli=01;35:*.flv=01;35:*.gl=01;35:*.dl=01;35:*.xcf=01;35:*.xwd=01;35:*.yuv=01;35:*.cgm=01;35:*.emf=01;35:*.ogv=01;35:*.ogx=01;35:*.aac=00;36:*.au=00;36:*.flac=00;36:*.m4a=00;36:*.mid=00;36:*.midi=00;36:*.mka=00;36:*.mp3=00;36:*.mpc=00;36:*.ogg=00;36:*.ra=00;36:*.wav=00;36:*.oga=00;36:*.opus=00;36:*.spx=00;36:*.xspf=00;36:*~=00;90:*#=00;90:*.bak=00;90:*.crdownload=00;90:*.dpkg-dist=00;90:*.dpkg-new=00;90:*.dpkg-old=00;90:*.dpkg-tmp=00;90:*.old=00;90:*.orig=00;90:*.part=00;90:*.rej=00;90:*.rpmnew=00;90:*.rpmorig=00;90:*.rpmsave=00;90:*.swp=00;90:*.tmp=00;90:*.ucf-dist=00;90:*.ucf-new=00;90:*.ucf-old=00;90:', 'GNOME_TERMINAL_SERVICE': ':1.175', 'SSH_AUTH_SOCK': '/run/user/1000/keyring/ssh', 'AMENT_PREFIX_PATH': '/home/omar/microros_ws/install/micro_ros_setup:/home/omar/microros_ws/install/micro_ros_agent:/home/omar/microros_ws/install/micro_ros_msgs:/opt/ros/jazzy', 'SHELL': '/bin/bash', 'QT_ACCESSIBILITY': '1', 'GDMSESSION': 'ubuntu', 'LESSCLOSE': '/usr/bin/lesspipe %s %s', 'ROS_AUTOMATIC_DISCOVERY_RANGE': 'SUBNET', 'QT_IM_MODULE': 'ibus', 'PWD': '/home/omar/amrws/build/srv_pkg', 'LC_ALL': 'en_US.UTF-8', 'XDG_CONFIG_DIRS': '/etc/xdg/xdg-ubuntu:/etc/xdg', 'PYENV_ROOT': '/home/omar/.pyenv', 'XDG_DATA_DIRS': '/usr/share/ubuntu:/usr/share/gnome:/usr/local/share/:/usr/share/:/var/lib/snapd/desktop', 'PYTHONPATH': '/home/omar/microros_ws/install/micro_ros_msgs/lib/python3.12/site-packages:/opt/ros/jazzy/lib/python3.12/site-packages', 'COLCON': '1', 'MEMORY_PRESSURE_WRITE': 'c29tZSAyMDAwMDAgMjAwMDAwMAA=', 'VTE_VERSION': '7600', 'CMAKE_PREFIX_PATH': '/home/omar/microros_ws/install/micro_ros_setup:/home/omar/microros_ws/install/micro_ros_agent:/home/omar/microros_ws/install/micro_ros_msgs:/opt/ros/jazzy/opt/gz_sim_vendor:/opt/ros/jazzy/opt/gz_sensors_vendor:/opt/ros/jazzy/opt/gz_physics_vendor:/opt/ros/jazzy/opt/sdformat_vendor:/opt/ros/jazzy/opt/gz_gui_vendor:/opt/ros/jazzy/opt/gz_transport_vendor:/opt/ros/jazzy/opt/gz_rendering_vendor:/opt/ros/jazzy/opt/gz_plugin_vendor:/opt/ros/jazzy/opt/gz_fuel_tools_vendor:/opt/ros/jazzy/opt/gz_msgs_vendor:/opt/ros/jazzy/opt/gz_common_vendor:/opt/ros/jazzy/opt/gz_math_vendor:/opt/ros/jazzy/opt/gz_utils_vendor:/opt/ros/jazzy/opt/gz_tools_vendor:/opt/ros/jazzy/opt/gz_ogre_next_vendor:/opt/ros/jazzy/opt/gz_dartsim_vendor:/opt/ros/jazzy/opt/gz_cmake_vendor:/opt/ros/jazzy'}), 'shell': False}
[22.650430] (-) TimerEvent: {}
[22.674189] (srv_pkg) StdoutLine: {'line': b'[  2%] \x1b[34m\x1b[1mGenerating type hashes for ROS interfaces\x1b[0m\n'}
[22.680256] (srv_pkg) StdoutLine: {'line': b'[  5%] \x1b[34m\x1b[1mGenerating Rust code for ROS interfaces\x1b[0m\n'}
[22.693762] (srv_pkg) StdoutLine: {'line': b'[  5%] Built target ament_cmake_python_copy_srv_pkg\n'}
[22.750541] (-) TimerEvent: {}
[22.850863] (-) TimerEvent: {}
[22.951152] (-) TimerEvent: {}
[23.051464] (-) TimerEvent: {}
[23.151776] (-) TimerEvent: {}
[23.252079] (-) TimerEvent: {}
[23.255149] (srv_pkg) StdoutLine: {'line': b'[  5%] Built target srv_pkg__rosidl_generator_type_description\n'}
[23.290069] (srv_pkg) StdoutLine: {'line': b'[  8%] \x1b[34m\x1b[1mGenerating C code for ROS interfaces\x1b[0m\n'}
[23.312062] (srv_pkg) StdoutLine: {'line': b'[ 11%] \x1b[34m\x1b[1mGenerating C++ code for ROS interfaces\x1b[0m\n'}
[23.352206] (-) TimerEvent: {}
[23.398078] (srv_pkg) StdoutLine: {'line': b'running egg_info\n'}
[23.399062] (srv_pkg) StdoutLine: {'line': b'creating srv_pkg.egg-info\n'}
[23.452321] (-) TimerEvent: {}
[23.512064] (srv_pkg) StdoutLine: {'line': b'writing srv_pkg.egg-info/PKG-INFO\n'}
[23.512402] (srv_pkg) StdoutLine: {'line': b'writing dependency_links to srv_pkg.egg-info/dependency_links.txt\n'}
[23.512885] (srv_pkg) StdoutLine: {'line': b'writing top-level names to srv_pkg.egg-info/top_level.txt\n'}
[23.513174] (srv_pkg) StdoutLine: {'line': b"writing manifest file 'srv_pkg.egg-info/SOURCES.txt'\n"}
[23.539139] (srv_pkg) StdoutLine: {'line': b'[ 11%] Built target srv_pkg__rs\n'}
[23.552435] (-) TimerEvent: {}
[23.655240] (-) TimerEvent: {}
[23.706934] (srv_pkg) StdoutLine: {'line': b"reading manifest file 'srv_pkg.egg-info/SOURCES.txt'\n"}
[23.707834] (srv_pkg) StdoutLine: {'line': b"writing manifest file 'srv_pkg.egg-info/SOURCES.txt'\n"}
[23.755347] (-) TimerEvent: {}
[23.757914] (srv_pkg) StdoutLine: {'line': b'[ 11%] Built target ament_cmake_python_build_srv_pkg_egg\n'}
[23.855459] (-) TimerEvent: {}
[23.955860] (-) TimerEvent: {}
[24.022861] (srv_pkg) StdoutLine: {'line': b'[ 11%] Built target srv_pkg__cpp\n'}
[24.055996] (-) TimerEvent: {}
[24.077761] (srv_pkg) StdoutLine: {'line': b'[ 14%] \x1b[32mBuilding C object CMakeFiles/srv_pkg__rosidl_generator_c.dir/rosidl_generator_c/srv_pkg/srv/detail/send_img__functions.c.o\x1b[0m\n'}
[24.083296] (srv_pkg) StdoutLine: {'line': b'[ 20%] \x1b[32mBuilding C object CMakeFiles/srv_pkg__rosidl_generator_c.dir/rosidl_generator_c/srv_pkg/srv/detail/send_img__description.c.o\x1b[0m\n'}
[24.083678] (srv_pkg) StdoutLine: {'line': b'[ 20%] \x1b[32mBuilding C object CMakeFiles/srv_pkg__rosidl_generator_c.dir/rosidl_generator_c/srv_pkg/srv/detail/send_img__type_support.c.o\x1b[0m\n'}
[24.156171] (-) TimerEvent: {}
[24.256593] (-) TimerEvent: {}
[24.357750] (-) TimerEvent: {}
[24.458578] (-) TimerEvent: {}
[24.559371] (-) TimerEvent: {}
[24.661518] (-) TimerEvent: {}
[24.762125] (-) TimerEvent: {}
[24.840173] (srv_pkg) StdoutLine: {'line': b'[ 22%] \x1b[32m\x1b[1mLinking C shared library libsrv_pkg__rosidl_generator_c.so\x1b[0m\n'}
[24.862217] (-) TimerEvent: {}
[24.962634] (-) TimerEvent: {}
[25.041685] (srv_pkg) StdoutLine: {'line': b'[ 22%] Built target srv_pkg__rosidl_generator_c\n'}
[25.062731] (-) TimerEvent: {}
[25.067648] (srv_pkg) StdoutLine: {'line': b'[ 25%] \x1b[34m\x1b[1mGenerating C introspection for ROS interfaces\x1b[0m\n'}
[25.070111] (srv_pkg) StdoutLine: {'line': b'[ 28%] \x1b[34m\x1b[1mGenerating C type support dispatch for ROS interfaces\x1b[0m\n'}
[25.070600] (srv_pkg) StdoutLine: {'line': b'[ 31%] \x1b[34m\x1b[1mGenerating C++ type support for eProsima Fast-RTPS\x1b[0m\n'}
[25.070905] (srv_pkg) StdoutLine: {'line': b'[ 34%] \x1b[34m\x1b[1mGenerating C type support for eProsima Fast-RTPS\x1b[0m\n'}
[25.162851] (-) TimerEvent: {}
[25.266303] (-) TimerEvent: {}
[25.366694] (-) TimerEvent: {}
[25.469194] (-) TimerEvent: {}
[25.571896] (-) TimerEvent: {}
[25.672240] (-) TimerEvent: {}
[25.773066] (-) TimerEvent: {}
[25.801153] (srv_pkg) StdoutLine: {'line': b'[ 37%] \x1b[32mBuilding CXX object CMakeFiles/srv_pkg__rosidl_typesupport_c.dir/rosidl_typesupport_c/srv_pkg/srv/send_img__type_support.cpp.o\x1b[0m\n'}
[25.873175] (-) TimerEvent: {}
[25.953267] (srv_pkg) StdoutLine: {'line': b'[ 40%] \x1b[32mBuilding C object CMakeFiles/srv_pkg__rosidl_typesupport_introspection_c.dir/rosidl_typesupport_introspection_c/srv_pkg/srv/detail/send_img__type_support.c.o\x1b[0m\n'}
[25.974098] (-) TimerEvent: {}
[26.012256] (srv_pkg) StdoutLine: {'line': b'[ 42%] \x1b[32mBuilding CXX object CMakeFiles/srv_pkg__rosidl_typesupport_fastrtps_cpp.dir/rosidl_typesupport_fastrtps_cpp/srv_pkg/srv/detail/dds_fastrtps/send_img__type_support.cpp.o\x1b[0m\n'}
[26.023791] (srv_pkg) StdoutLine: {'line': b'[ 45%] \x1b[32mBuilding CXX object CMakeFiles/srv_pkg__rosidl_typesupport_fastrtps_c.dir/rosidl_typesupport_fastrtps_c/srv_pkg/srv/detail/send_img__type_support_c.cpp.o\x1b[0m\n'}
[26.074199] (-) TimerEvent: {}
[26.132902] (srv_pkg) StdoutLine: {'line': b'[ 48%] \x1b[32m\x1b[1mLinking CXX shared library libsrv_pkg__rosidl_typesupport_c.so\x1b[0m\n'}
[26.136644] (srv_pkg) StdoutLine: {'line': b'[ 51%] \x1b[32m\x1b[1mLinking C shared library libsrv_pkg__rosidl_typesupport_introspection_c.so\x1b[0m\n'}
[26.174315] (-) TimerEvent: {}
[26.274656] (-) TimerEvent: {}
[26.295976] (srv_pkg) StdoutLine: {'line': b'[ 51%] Built target srv_pkg__rosidl_typesupport_c\n'}
[26.332884] (srv_pkg) StdoutLine: {'line': b'[ 54%] \x1b[34m\x1b[1mGenerating C++ introspection for ROS interfaces\x1b[0m\n'}
[26.369214] (srv_pkg) StdoutLine: {'line': b'[ 54%] Built target srv_pkg__rosidl_typesupport_introspection_c\n'}
[26.374780] (-) TimerEvent: {}
[26.386879] (srv_pkg) StdoutLine: {'line': b'[ 57%] \x1b[34m\x1b[1mGenerating C++ type support dispatch for ROS interfaces\x1b[0m\n'}
[26.474914] (-) TimerEvent: {}
[26.575225] (-) TimerEvent: {}
[26.676215] (-) TimerEvent: {}
[26.780228] (-) TimerEvent: {}
[26.880614] (-) TimerEvent: {}
[26.983144] (-) TimerEvent: {}
[27.083536] (-) TimerEvent: {}
[27.101660] (srv_pkg) StdoutLine: {'line': b'[ 60%] \x1b[32mBuilding CXX object CMakeFiles/srv_pkg__rosidl_typesupport_cpp.dir/rosidl_typesupport_cpp/srv_pkg/srv/send_img__type_support.cpp.o\x1b[0m\n'}
[27.154279] (srv_pkg) StdoutLine: {'line': b'[ 62%] \x1b[32mBuilding CXX object CMakeFiles/srv_pkg__rosidl_typesupport_introspection_cpp.dir/rosidl_typesupport_introspection_cpp/srv_pkg/srv/detail/send_img__type_support.cpp.o\x1b[0m\n'}
[27.183666] (-) TimerEvent: {}
[27.286278] (-) TimerEvent: {}
[27.386659] (-) TimerEvent: {}
[27.487090] (-) TimerEvent: {}
[27.587497] (-) TimerEvent: {}
[27.687871] (-) TimerEvent: {}
[27.788260] (-) TimerEvent: {}
[27.889093] (-) TimerEvent: {}
[27.989495] (-) TimerEvent: {}
[28.090093] (-) TimerEvent: {}
[28.194285] (-) TimerEvent: {}
[28.275136] (srv_pkg) StdoutLine: {'line': b'[ 65%] \x1b[32m\x1b[1mLinking CXX shared library libsrv_pkg__rosidl_typesupport_cpp.so\x1b[0m\n'}
[28.281205] (srv_pkg) StdoutLine: {'line': b'[ 68%] \x1b[32m\x1b[1mLinking CXX shared library libsrv_pkg__rosidl_typesupport_fastrtps_c.so\x1b[0m\n'}
[28.294414] (-) TimerEvent: {}
[28.394830] (-) TimerEvent: {}
[28.487773] (srv_pkg) StdoutLine: {'line': b'[ 68%] Built target srv_pkg__rosidl_typesupport_cpp\n'}
[28.494972] (-) TimerEvent: {}
[28.503420] (srv_pkg) StdoutLine: {'line': b'[ 71%] \x1b[32m\x1b[1mLinking CXX shared library libsrv_pkg__rosidl_typesupport_introspection_cpp.so\x1b[0m\n'}
[28.526580] (srv_pkg) StdoutLine: {'line': b'[ 71%] Built target srv_pkg__rosidl_typesupport_fastrtps_c\n'}
[28.595129] (-) TimerEvent: {}
[28.614985] (srv_pkg) StdoutLine: {'line': b'[ 74%] \x1b[32m\x1b[1mLinking CXX shared library libsrv_pkg__rosidl_typesupport_fastrtps_cpp.so\x1b[0m\n'}
[28.695264] (-) TimerEvent: {}
[28.767107] (srv_pkg) StdoutLine: {'line': b'[ 74%] Built target srv_pkg__rosidl_typesupport_introspection_cpp\n'}
[28.795406] (-) TimerEvent: {}
[28.798568] (srv_pkg) StdoutLine: {'line': b'[ 74%] Built target srv_pkg__rosidl_typesupport_fastrtps_cpp\n'}
[28.832542] (srv_pkg) StdoutLine: {'line': b'[ 74%] Built target srv_pkg\n'}
[28.867010] (srv_pkg) StdoutLine: {'line': b'[ 77%] \x1b[34m\x1b[1mGenerating Python code for ROS interfaces\x1b[0m\n'}
[28.895516] (-) TimerEvent: {}
[28.995879] (-) TimerEvent: {}
[29.096210] (-) TimerEvent: {}
[29.196533] (-) TimerEvent: {}
[29.296834] (-) TimerEvent: {}
[29.397136] (-) TimerEvent: {}
[29.475501] (srv_pkg) StdoutLine: {'line': b'[ 77%] Built target srv_pkg__py\n'}
[29.497257] (-) TimerEvent: {}
[29.509448] (srv_pkg) StdoutLine: {'line': b'[ 80%] \x1b[32mBuilding C object CMakeFiles/srv_pkg__rosidl_generator_py.dir/rosidl_generator_py/srv_pkg/srv/_send_img_s.c.o\x1b[0m\n'}
[29.597599] (-) TimerEvent: {}
[29.698309] (-) TimerEvent: {}
[29.799222] (-) TimerEvent: {}
[29.900284] (-) TimerEvent: {}
[30.001177] (-) TimerEvent: {}
[30.102434] (-) TimerEvent: {}
[30.203163] (-) TimerEvent: {}
[30.304093] (-) TimerEvent: {}
[30.404430] (-) TimerEvent: {}
[30.439389] (srv_pkg) StdoutLine: {'line': b'[ 82%] \x1b[32m\x1b[1mLinking C shared library libsrv_pkg__rosidl_generator_py.so\x1b[0m\n'}
[30.505046] (-) TimerEvent: {}
[30.605417] (-) TimerEvent: {}
[30.605905] (srv_pkg) StdoutLine: {'line': b'[ 82%] Built target srv_pkg__rosidl_generator_py\n'}
[30.642708] (srv_pkg) StdoutLine: {'line': b'[ 85%] \x1b[32mBuilding C object CMakeFiles/srv_pkg_s__rosidl_typesupport_c.dir/rosidl_generator_py/srv_pkg/_srv_pkg_s.ep.rosidl_typesupport_c.c.o\x1b[0m\n'}
[30.655404] (srv_pkg) StdoutLine: {'line': b'[ 91%] \x1b[32mBuilding C object CMakeFiles/srv_pkg_s__rosidl_typesupport_fastrtps_c.dir/rosidl_generator_py/srv_pkg/_srv_pkg_s.ep.rosidl_typesupport_fastrtps_c.c.o\x1b[0m\n'}
[30.655753] (srv_pkg) StdoutLine: {'line': b'[ 91%] \x1b[32mBuilding C object CMakeFiles/srv_pkg_s__rosidl_typesupport_introspection_c.dir/rosidl_generator_py/srv_pkg/_srv_pkg_s.ep.rosidl_typesupport_introspection_c.c.o\x1b[0m\n'}
[30.705541] (-) TimerEvent: {}
[30.805904] (-) TimerEvent: {}
[30.836731] (srv_pkg) StdoutLine: {'line': b'[ 94%] \x1b[32m\x1b[1mLinking C shared module rosidl_generator_py/srv_pkg/srv_pkg_s__rosidl_typesupport_c.so\x1b[0m\n'}
[30.892180] (srv_pkg) StdoutLine: {'line': b'[ 94%] Built target srv_pkg_s__rosidl_typesupport_c\n'}
[30.906087] (-) TimerEvent: {}
[30.953448] (srv_pkg) StdoutLine: {'line': b'[ 97%] \x1b[32m\x1b[1mLinking C shared module rosidl_generator_py/srv_pkg/srv_pkg_s__rosidl_typesupport_introspection_c.so\x1b[0m\n'}
[30.958875] (srv_pkg) StdoutLine: {'line': b'[100%] \x1b[32m\x1b[1mLinking C shared module rosidl_generator_py/srv_pkg/srv_pkg_s__rosidl_typesupport_fastrtps_c.so\x1b[0m\n'}
[31.006214] (-) TimerEvent: {}
[31.010310] (srv_pkg) StdoutLine: {'line': b'[100%] Built target srv_pkg_s__rosidl_typesupport_introspection_c\n'}
[31.017473] (srv_pkg) StdoutLine: {'line': b'[100%] Built target srv_pkg_s__rosidl_typesupport_fastrtps_c\n'}
[31.036864] (srv_pkg) CommandEnded: {'returncode': 0}
[31.037781] (srv_pkg) JobProgress: {'identifier': 'srv_pkg', 'progress': 'install'}
[31.052908] (srv_pkg) Command: {'cmd': ['/usr/bin/cmake', '--install', '/home/omar/amrws/build/srv_pkg'], 'cwd': '/home/omar/amrws/build/srv_pkg', 'env': OrderedDict({'LESSOPEN': '| /usr/bin/lesspipe %s', 'GZ_SIM_RESOURCE_PATH': '/opt/ros/jazzy/share', 'USER': 'omar', 'GZ_CONFIG_PATH': '/opt/ros/jazzy/opt/gz_sim_vendor/share/gz:/opt/ros/jazzy/opt/sdformat_vendor/share/gz:/opt/ros/jazzy/opt/gz_gui_vendor/share/gz:/opt/ros/jazzy/opt/gz_transport_vendor/share/gz:/opt/ros/jazzy/opt/gz_rendering_vendor/share/gz:/opt/ros/jazzy/opt/gz_plugin_vendor/share/gz:/opt/ros/jazzy/opt/gz_fuel_tools_vendor/share/gz:/opt/ros/jazzy/opt/gz_msgs_vendor/share/gz:/opt/ros/jazzy/opt/gz_common_vendor/share/gz', 'XDG_SESSION_TYPE': 'wayland', 'SHLVL': '1', 'LD_LIBRARY_PATH': '/home/omar/microros_ws/install/micro_ros_agent/lib:/home/omar/microros_ws/install/micro_ros_msgs/lib:/opt/ros/jazzy/opt/gz_sim_vendor/lib:/opt/ros/jazzy/opt/gz_sensors_vendor/lib:/opt/ros/jazzy/opt/gz_physics_vendor/lib:/opt/ros/jazzy/opt/sdformat_vendor/lib:/opt/ros/jazzy/opt/rviz_ogre_vendor/lib:/opt/ros/jazzy/lib/x86_64-linux-gnu:/opt/ros/jazzy/opt/gz_gui_vendor/lib:/opt/ros/jazzy/opt/gz_transport_vendor/lib:/opt/ros/jazzy/opt/gz_rendering_vendor/lib:/opt/ros/jazzy/opt/gz_plugin_vendor/lib:/opt/ros/jazzy/opt/gz_fuel_tools_vendor/lib:/opt/ros/jazzy/opt/gz_msgs_vendor/lib:/opt/ros/jazzy/opt/gz_common_vendor/lib:/opt/ros/jazzy/opt/gz_math_vendor/lib:/opt/ros/jazzy/opt/gz_utils_vendor/lib:/opt/ros/jazzy/opt/gz_tools_vendor/lib:/opt/ros/jazzy/opt/gz_ogre_next_vendor/lib:/opt/ros/jazzy/opt/gz_dartsim_vendor/lib:/opt/ros/jazzy/opt/gz_cmake_vendor/lib:/opt/ros/jazzy/lib', 'HOME': '/home/omar', 'OLDPWD': '/home/omar', 'DESKTOP_SESSION': 'ubuntu', 'PYENV_SHELL': 'bash', 'ROS_PYTHON_VERSION': '3', 'GNOME_SHELL_SESSION_MODE': 'ubuntu', 'GTK_MODULES': 'gail:atk-bridge', 'SYSTEMD_EXEC_PID': '2765', 'GSM_SKIP_SSH_AGENT_WORKAROUND': 'true', 'DBUS_SESSION_BUS_ADDRESS': 'unix:path=/run/user/1000/bus', 'COLORTERM': 'truecolor', 'GNOME_KEYRING_CONTROL': '/run/user/1000/keyring', 'DEBUGINFOD_URLS': 'https://debuginfod.ubuntu.com', 'IM_CONFIG_PHASE': '1', 'WAYLAND_DISPLAY': 'wayland-0', 'COLCON_PREFIX_PATH': '/home/omar/microros_ws/install', 'ROS_DISTRO': 'jazzy', 'LOGNAME': 'omar', '_': '/usr/bin/colcon', 'ROS_VERSION': '2', 'MEMORY_PRESSURE_WATCH': '/sys/fs/cgroup/user.slice/user-1000.slice/user@1000.service/session.slice/org.gnome.SettingsDaemon.MediaKeys.service/memory.pressure', 'XDG_SESSION_CLASS': 'user', 'USERNAME': 'omar', 'STM32_PRG_PATH': '/home/omar/STMicroelectronics/STM32Cube/STM32CubeProgrammer/bin', 'TERM': 'xterm-256color', 'GNOME_DESKTOP_SESSION_ID': 'this-is-deprecated', 'PATH': '/opt/ros/jazzy/opt/gz_msgs_vendor/bin:/opt/ros/jazzy/opt/gz_tools_vendor/bin:/opt/ros/jazzy/opt/gz_ogre_next_vendor/bin:/opt/ros/jazzy/bin:/home/omar/.pyenv/shims:/home/omar/.pyenv/bin:/home/omar/.local/bin:/usr/local/sbin:/usr/local/bin:/usr/sbin:/usr/bin:/sbin:/bin:/usr/games:/usr/local/games:/snap/bin:/snap/bin', 'SESSION_MANAGER': 'local/omar-Aspire-A315-53:@/tmp/.ICE-unix/2582,unix/omar-Aspire-A315-53:/tmp/.ICE-unix/2582', 'XDG_MENU_PREFIX': 'gnome-', 'GNOME_TERMINAL_SCREEN': '/org/gnome/Terminal/screen/540d1515_467e_4681_aa71_d1071492844f', 'GNOME_SETUP_DISPLAY': ':1', 'XDG_RUNTIME_DIR': '/run/user/1000', 'DISPLAY': ':0', 'LANG': 'en_US.UTF-8', 'XDG_CURRENT_DESKTOP': 'ubuntu:GNOME', 'XMODIFIERS': '@im=ibus', 'XDG_SESSION_DESKTOP': 'ubuntu', 'XAUTHORITY': '/run/user/1000/.mutter-Xwaylandauth.TNHDV3', 'LS_COLORS': 'rs=0:di=01;34:ln=01;36:mh=00:pi=40;33:so=01;35:do=01;35:bd=40;33;01:cd=40;33;01:or=40;31;01:mi=00:su=37;41:sg=30;43:ca=00:tw=30;42:ow=34;42:st=37;44:ex=01;32:*.tar=01;31:*.tgz=01;31:*.arc=01;31:*.arj=01;31:*.taz=01;31:*.lha=01;31:*.lz4=01;31:*.lzh=01;31:*.lzma=01;31:*.tlz=01;31:*.txz=01;31:*.tzo=01;31:*.t7z=01;31:*.zip=01;31:*.z=01;31:*.dz=01;31:*.gz=01;31:*.lrz=01;31:*.lz=01;31:*.lzo=01;31:*.xz=01;31:*.zst=01;31:*.tzst=01;31:*.bz2=01;31:*.bz=01;31:*.tbz=01;31:*.tbz2=01;31:*.tz=01;31:*.deb=01;31:*.rpm=01;31:*.jar=01;31:*.war=01;31:*.ear=01;31:*.sar=01;31:*.rar=01;31:*.alz=01;31:*.ace=01;31:*.zoo=01;31:*.cpio=01;31:*.7z=01;31:*.rz=01;31:*.cab=01;31:*.wim=01;31:*.swm=01;31:*.dwm=01;31:*.esd=01;31:*.avif=01;35:*.jpg=01;35:*.jpeg=01;35:*.mjpg=01;35:*.mjpeg=01;35:*.gif=01;35:*.bmp=01;35:*.pbm=01;35:*.pgm=01;35:*.ppm=01;35:*.tga=01;35:*.xbm=01;35:*.xpm=01;35:*.tif=01;35:*.tiff=01;35:*.png=01;35:*.svg=01;35:*.svgz=01;35:*.mng=01;35:*.pcx=01;35:*.mov=01;35:*.mpg=01;35:*.mpeg=01;35:*.m2v=01;35:*.mkv=01;35:*.webm=01;35:*.webp=01;35:*.ogm=01;35:*.mp4=01;35:*.m4v=01;35:*.mp4v=01;35:*.vob=01;35:*.qt=01;35:*.nuv=01;35:*.wmv=01;35:*.asf=01;35:*.rm=01;35:*.rmvb=01;35:*.flc=01;35:*.avi=01;35:*.fli=01;35:*.flv=01;35:*.gl=01;35:*.dl=01;35:*.xcf=01;35:*.xwd=01;35:*.yuv=01;35:*.cgm=01;35:*.emf=01;35:*.ogv=01;35:*.ogx=01;35:*.aac=00;36:*.au=00;36:*.flac=00;36:*.m4a=00;36:*.mid=00;36:*.midi=00;36:*.mka=00;36:*.mp3=00;36:*.mpc=00;36:*.ogg=00;36:*.ra=00;36:*.wav=00;36:*.oga=00;36:*.opus=00;36:*.spx=00;36:*.xspf=00;36:*~=00;90:*#=00;90:*.bak=00;90:*.crdownload=00;90:*.dpkg-dist=00;90:*.dpkg-new=00;90:*.dpkg-old=00;90:*.dpkg-tmp=00;90:*.old=00;90:*.orig=00;90:*.part=00;90:*.rej=00;90:*.rpmnew=00;90:*.rpmorig=00;90:*.rpmsave=00;90:*.swp=00;90:*.tmp=00;90:*.ucf-dist=00;90:*.ucf-new=00;90:*.ucf-old=00;90:', 'GNOME_TERMINAL_SERVICE': ':1.175', 'SSH_AUTH_SOCK': '/run/user/1000/keyring/ssh', 'AMENT_PREFIX_PATH': '/home/omar/microros_ws/install/micro_ros_setup:/home/omar/microros_ws/install/micro_ros_agent:/home/omar/microros_ws/install/micro_ros_msgs:/opt/ros/jazzy', 'SHELL': '/bin/bash', 'QT_ACCESSIBILITY': '1', 'GDMSESSION': 'ubuntu', 'LESSCLOSE': '/usr/bin/lesspipe %s %s', 'ROS_AUTOMATIC_DISCOVERY_RANGE': 'SUBNET', 'QT_IM_MODULE': 'ibus', 'PWD': '/home/omar/amrws/build/srv_pkg', 'LC_ALL': 'en_US.UTF-8', 'XDG_CONFIG_DIRS': '/etc/xdg/xdg-ubuntu:/etc/xdg', 'PYENV_ROOT': '/home/omar/.pyenv', 'XDG_DATA_DIRS': '/usr/share/ubuntu:/usr/share/gnome:/usr/local/share/:/usr/share/:/var/lib/snapd/desktop', 'PYTHONPATH': '/home/omar/microros_ws/install/micro_ros_msgs/lib/python3.12/site-packages:/opt/ros/jazzy/lib/python3.12/site-packages', 'COLCON': '1', 'MEMORY_PRESSURE_WRITE': 'c29tZSAyMDAwMDAgMjAwMDAwMAA=', 'VTE_VERSION': '7600', 'CMAKE_PREFIX_PATH': '/home/omar/microros_ws/install/micro_ros_setup:/home/omar/microros_ws/install/micro_ros_agent:/home/omar/microros_ws/install/micro_ros_msgs:/opt/ros/jazzy/opt/gz_sim_vendor:/opt/ros/jazzy/opt/gz_sensors_vendor:/opt/ros/jazzy/opt/gz_physics_vendor:/opt/ros/jazzy/opt/sdformat_vendor:/opt/ros/jazzy/opt/gz_gui_vendor:/opt/ros/jazzy/opt/gz_transport_vendor:/opt/ros/jazzy/opt/gz_rendering_vendor:/opt/ros/jazzy/opt/gz_plugin_vendor:/opt/ros/jazzy/opt/gz_fuel_tools_vendor:/opt/ros/jazzy/opt/gz_msgs_vendor:/opt/ros/jazzy/opt/gz_common_vendor:/opt/ros/jazzy/opt/gz_math_vendor:/opt/ros/jazzy/opt/gz_utils_vendor:/opt/ros/jazzy/opt/gz_tools_vendor:/opt/ros/jazzy/opt/gz_ogre_next_vendor:/opt/ros/jazzy/opt/gz_dartsim_vendor:/opt/ros/jazzy/opt/gz_cmake_vendor:/opt/ros/jazzy'}), 'shell': False}
[31.066544] (srv_pkg) StdoutLine: {'line': b'-- Install configuration: ""\n'}
[31.066846] (srv_pkg) StdoutLine: {'line': b'-- Installing: /home/omar/amrws/install/srv_pkg/share/ament_index/resource_index/rosidl_interfaces/srv_pkg\n'}
[31.067193] (srv_pkg) StdoutLine: {'line': b'-- Installing: /home/omar/amrws/install/srv_pkg/share/srv_pkg/srv/SendImg.json\n'}
[31.067438] (srv_pkg) StdoutLine: {'line': b'-- Installing: /home/omar/amrws/install/srv_pkg/include/srv_pkg/srv_pkg\n'}
[31.067689] (srv_pkg) StdoutLine: {'line': b'-- Installing: /home/omar/amrws/install/srv_pkg/include/srv_pkg/srv_pkg/msg\n'}
[31.067977] (srv_pkg) StdoutLine: {'line': b'-- Installing: /home/omar/amrws/install/srv_pkg/include/srv_pkg/srv_pkg/msg/rosidl_generator_c__visibility_control.h\n'}
[31.068341] (srv_pkg) StdoutLine: {'line': b'-- Installing: /home/omar/amrws/install/srv_pkg/include/srv_pkg/srv_pkg/srv\n'}
[31.068594] (srv_pkg) StdoutLine: {'line': b'-- Installing: /home/omar/amrws/install/srv_pkg/include/srv_pkg/srv_pkg/srv/send_img.h\n'}
[31.068730] (srv_pkg) StdoutLine: {'line': b'-- Installing: /home/omar/amrws/install/srv_pkg/include/srv_pkg/srv_pkg/srv/detail\n'}
[31.068948] (srv_pkg) StdoutLine: {'line': b'-- Installing: /home/omar/amrws/install/srv_pkg/include/srv_pkg/srv_pkg/srv/detail/send_img__functions.c\n'}
[31.069168] (srv_pkg) StdoutLine: {'line': b'-- Installing: /home/omar/amrws/install/srv_pkg/include/srv_pkg/srv_pkg/srv/detail/send_img__functions.h\n'}
[31.069403] (srv_pkg) StdoutLine: {'line': b'-- Installing: /home/omar/amrws/install/srv_pkg/include/srv_pkg/srv_pkg/srv/detail/send_img__type_support.h\n'}
[31.069661] (srv_pkg) StdoutLine: {'line': b'-- Installing: /home/omar/amrws/install/srv_pkg/include/srv_pkg/srv_pkg/srv/detail/send_img__description.c\n'}
[31.070071] (srv_pkg) StdoutLine: {'line': b'-- Installing: /home/omar/amrws/install/srv_pkg/include/srv_pkg/srv_pkg/srv/detail/send_img__type_support.c\n'}
[31.072106] (srv_pkg) StdoutLine: {'line': b'-- Installing: /home/omar/amrws/install/srv_pkg/include/srv_pkg/srv_pkg/srv/detail/send_img__struct.h\n'}
[31.072630] (srv_pkg) StdoutLine: {'line': b'-- Installing: /home/omar/amrws/install/srv_pkg/share/srv_pkg/environment/library_path.sh\n'}
[31.072931] (srv_pkg) StdoutLine: {'line': b'-- Installing: /home/omar/amrws/install/srv_pkg/share/srv_pkg/environment/library_path.dsv\n'}
[31.073311] (srv_pkg) StdoutLine: {'line': b'-- Installing: /home/omar/amrws/install/srv_pkg/lib/libsrv_pkg__rosidl_generator_c.so\n'}
[31.073695] (srv_pkg) StdoutLine: {'line': b'-- Set non-toolchain portion of runtime path of "/home/omar/amrws/install/srv_pkg/lib/libsrv_pkg__rosidl_generator_c.so" to ""\n'}
[31.073968] (srv_pkg) StdoutLine: {'line': b'-- Up-to-date: /home/omar/amrws/install/srv_pkg/include/srv_pkg/srv_pkg\n'}
[31.074284] (srv_pkg) StdoutLine: {'line': b'-- Up-to-date: /home/omar/amrws/install/srv_pkg/include/srv_pkg/srv_pkg/msg\n'}
[31.074576] (srv_pkg) StdoutLine: {'line': b'-- Installing: /home/omar/amrws/install/srv_pkg/include/srv_pkg/srv_pkg/msg/rosidl_typesupport_fastrtps_c__visibility_control.h\n'}
[31.074852] (srv_pkg) StdoutLine: {'line': b'-- Up-to-date: /home/omar/amrws/install/srv_pkg/include/srv_pkg/srv_pkg/srv\n'}
[31.075165] (srv_pkg) StdoutLine: {'line': b'-- Up-to-date: /home/omar/amrws/install/srv_pkg/include/srv_pkg/srv_pkg/srv/detail\n'}
[31.075540] (srv_pkg) StdoutLine: {'line': b'-- Installing: /home/omar/amrws/install/srv_pkg/include/srv_pkg/srv_pkg/srv/detail/send_img__rosidl_typesupport_fastrtps_c.h\n'}
[31.075912] (srv_pkg) StdoutLine: {'line': b'-- Installing: /home/omar/amrws/install/srv_pkg/lib/libsrv_pkg__rosidl_typesupport_fastrtps_c.so\n'}
[31.076181] (srv_pkg) StdoutLine: {'line': b'-- Set non-toolchain portion of runtime path of "/home/omar/amrws/install/srv_pkg/lib/libsrv_pkg__rosidl_typesupport_fastrtps_c.so" to ""\n'}
[31.076501] (srv_pkg) StdoutLine: {'line': b'-- Up-to-date: /home/omar/amrws/install/srv_pkg/include/srv_pkg/srv_pkg\n'}
[31.076805] (srv_pkg) StdoutLine: {'line': b'-- Up-to-date: /home/omar/amrws/install/srv_pkg/include/srv_pkg/srv_pkg/msg\n'}
[31.077075] (srv_pkg) StdoutLine: {'line': b'-- Installing: /home/omar/amrws/install/srv_pkg/include/srv_pkg/srv_pkg/msg/rosidl_typesupport_introspection_c__visibility_control.h\n'}
[31.077367] (srv_pkg) StdoutLine: {'line': b'-- Up-to-date: /home/omar/amrws/install/srv_pkg/include/srv_pkg/srv_pkg/srv\n'}
[31.077709] (srv_pkg) StdoutLine: {'line': b'-- Up-to-date: /home/omar/amrws/install/srv_pkg/include/srv_pkg/srv_pkg/srv/detail\n'}
[31.077996] (srv_pkg) StdoutLine: {'line': b'-- Installing: /home/omar/amrws/install/srv_pkg/include/srv_pkg/srv_pkg/srv/detail/send_img__rosidl_typesupport_introspection_c.h\n'}
[31.078321] (srv_pkg) StdoutLine: {'line': b'-- Installing: /home/omar/amrws/install/srv_pkg/include/srv_pkg/srv_pkg/srv/detail/send_img__type_support.c\n'}
[31.078702] (srv_pkg) StdoutLine: {'line': b'-- Installing: /home/omar/amrws/install/srv_pkg/lib/libsrv_pkg__rosidl_typesupport_introspection_c.so\n'}
[31.079067] (srv_pkg) StdoutLine: {'line': b'-- Set non-toolchain portion of runtime path of "/home/omar/amrws/install/srv_pkg/lib/libsrv_pkg__rosidl_typesupport_introspection_c.so" to ""\n'}
[31.079408] (srv_pkg) StdoutLine: {'line': b'-- Installing: /home/omar/amrws/install/srv_pkg/lib/libsrv_pkg__rosidl_typesupport_c.so\n'}
[31.079716] (srv_pkg) StdoutLine: {'line': b'-- Set non-toolchain portion of runtime path of "/home/omar/amrws/install/srv_pkg/lib/libsrv_pkg__rosidl_typesupport_c.so" to ""\n'}
[31.080078] (srv_pkg) StdoutLine: {'line': b'-- Up-to-date: /home/omar/amrws/install/srv_pkg/include/srv_pkg/srv_pkg\n'}
[31.080372] (srv_pkg) StdoutLine: {'line': b'-- Up-to-date: /home/omar/amrws/install/srv_pkg/include/srv_pkg/srv_pkg/msg\n'}
[31.080719] (srv_pkg) StdoutLine: {'line': b'-- Installing: /home/omar/amrws/install/srv_pkg/include/srv_pkg/srv_pkg/msg/rosidl_generator_cpp__visibility_control.hpp\n'}
[31.081056] (srv_pkg) StdoutLine: {'line': b'-- Up-to-date: /home/omar/amrws/install/srv_pkg/include/srv_pkg/srv_pkg/srv\n'}
[31.081320] (srv_pkg) StdoutLine: {'line': b'-- Installing: /home/omar/amrws/install/srv_pkg/include/srv_pkg/srv_pkg/srv/send_img.hpp\n'}
[31.081613] (srv_pkg) StdoutLine: {'line': b'-- Up-to-date: /home/omar/amrws/install/srv_pkg/include/srv_pkg/srv_pkg/srv/detail\n'}
[31.081876] (srv_pkg) StdoutLine: {'line': b'-- Installing: /home/omar/amrws/install/srv_pkg/include/srv_pkg/srv_pkg/srv/detail/send_img__type_support.hpp\n'}
[31.082217] (srv_pkg) StdoutLine: {'line': b'-- Installing: /home/omar/amrws/install/srv_pkg/include/srv_pkg/srv_pkg/srv/detail/send_img__builder.hpp\n'}
[31.082614] (srv_pkg) StdoutLine: {'line': b'-- Installing: /home/omar/amrws/install/srv_pkg/include/srv_pkg/srv_pkg/srv/detail/send_img__traits.hpp\n'}
[31.082892] (srv_pkg) StdoutLine: {'line': b'-- Installing: /home/omar/amrws/install/srv_pkg/include/srv_pkg/srv_pkg/srv/detail/send_img__struct.hpp\n'}
[31.083185] (srv_pkg) StdoutLine: {'line': b'-- Up-to-date: /home/omar/amrws/install/srv_pkg/include/srv_pkg/srv_pkg\n'}
[31.083464] (srv_pkg) StdoutLine: {'line': b'-- Up-to-date: /home/omar/amrws/install/srv_pkg/include/srv_pkg/srv_pkg/msg\n'}
[31.083741] (srv_pkg) StdoutLine: {'line': b'-- Installing: /home/omar/amrws/install/srv_pkg/include/srv_pkg/srv_pkg/msg/rosidl_typesupport_fastrtps_cpp__visibility_control.h\n'}
[31.084097] (srv_pkg) StdoutLine: {'line': b'-- Up-to-date: /home/omar/amrws/install/srv_pkg/include/srv_pkg/srv_pkg/srv\n'}
[31.084378] (srv_pkg) StdoutLine: {'line': b'-- Up-to-date: /home/omar/amrws/install/srv_pkg/include/srv_pkg/srv_pkg/srv/detail\n'}
[31.084666] (srv_pkg) StdoutLine: {'line': b'-- Installing: /home/omar/amrws/install/srv_pkg/include/srv_pkg/srv_pkg/srv/detail/dds_fastrtps\n'}
[31.084938] (srv_pkg) StdoutLine: {'line': b'-- Installing: /home/omar/amrws/install/srv_pkg/include/srv_pkg/srv_pkg/srv/detail/send_img__rosidl_typesupport_fastrtps_cpp.hpp\n'}
[31.085271] (srv_pkg) StdoutLine: {'line': b'-- Installing: /home/omar/amrws/install/srv_pkg/lib/libsrv_pkg__rosidl_typesupport_fastrtps_cpp.so\n'}
[31.085543] (srv_pkg) StdoutLine: {'line': b'-- Set non-toolchain portion of runtime path of "/home/omar/amrws/install/srv_pkg/lib/libsrv_pkg__rosidl_typesupport_fastrtps_cpp.so" to ""\n'}
[31.085827] (srv_pkg) StdoutLine: {'line': b'-- Up-to-date: /home/omar/amrws/install/srv_pkg/include/srv_pkg/srv_pkg\n'}
[31.086232] (srv_pkg) StdoutLine: {'line': b'-- Up-to-date: /home/omar/amrws/install/srv_pkg/include/srv_pkg/srv_pkg/srv\n'}
[31.086571] (srv_pkg) StdoutLine: {'line': b'-- Up-to-date: /home/omar/amrws/install/srv_pkg/include/srv_pkg/srv_pkg/srv/detail\n'}
[31.086861] (srv_pkg) StdoutLine: {'line': b'-- Installing: /home/omar/amrws/install/srv_pkg/include/srv_pkg/srv_pkg/srv/detail/send_img__type_support.cpp\n'}
[31.087229] (srv_pkg) StdoutLine: {'line': b'-- Installing: /home/omar/amrws/install/srv_pkg/include/srv_pkg/srv_pkg/srv/detail/send_img__rosidl_typesupport_introspection_cpp.hpp\n'}
[31.087527] (srv_pkg) StdoutLine: {'line': b'-- Installing: /home/omar/amrws/install/srv_pkg/lib/libsrv_pkg__rosidl_typesupport_introspection_cpp.so\n'}
[31.087888] (srv_pkg) StdoutLine: {'line': b'-- Set non-toolchain portion of runtime path of "/home/omar/amrws/install/srv_pkg/lib/libsrv_pkg__rosidl_typesupport_introspection_cpp.so" to ""\n'}
[31.088240] (srv_pkg) StdoutLine: {'line': b'-- Installing: /home/omar/amrws/install/srv_pkg/lib/libsrv_pkg__rosidl_typesupport_cpp.so\n'}
[31.088527] (srv_pkg) StdoutLine: {'line': b'-- Set non-toolchain portion of runtime path of "/home/omar/amrws/install/srv_pkg/lib/libsrv_pkg__rosidl_typesupport_cpp.so" to ""\n'}
[31.088855] (srv_pkg) StdoutLine: {'line': b'-- Installing: /home/omar/amrws/install/srv_pkg/share/srv_pkg/environment/pythonpath.sh\n'}
[31.089188] (srv_pkg) StdoutLine: {'line': b'-- Installing: /home/omar/amrws/install/srv_pkg/share/srv_pkg/environment/pythonpath.dsv\n'}
[31.089471] (srv_pkg) StdoutLine: {'line': b'-- Installing: /home/omar/amrws/install/srv_pkg/lib/python3.12/site-packages/srv_pkg-0.0.0-py3.12.egg-info\n'}
[31.089776] (srv_pkg) StdoutLine: {'line': b'-- Installing: /home/omar/amrws/install/srv_pkg/lib/python3.12/site-packages/srv_pkg-0.0.0-py3.12.egg-info/dependency_links.txt\n'}
[31.090036] (srv_pkg) StdoutLine: {'line': b'-- Installing: /home/omar/amrws/install/srv_pkg/lib/python3.12/site-packages/srv_pkg-0.0.0-py3.12.egg-info/PKG-INFO\n'}
[31.090240] (srv_pkg) StdoutLine: {'line': b'-- Installing: /home/omar/amrws/install/srv_pkg/lib/python3.12/site-packages/srv_pkg-0.0.0-py3.12.egg-info/top_level.txt\n'}
[31.090352] (srv_pkg) StdoutLine: {'line': b'-- Installing: /home/omar/amrws/install/srv_pkg/lib/python3.12/site-packages/srv_pkg-0.0.0-py3.12.egg-info/SOURCES.txt\n'}
[31.090457] (srv_pkg) StdoutLine: {'line': b'-- Installing: /home/omar/amrws/install/srv_pkg/lib/python3.12/site-packages/srv_pkg\n'}
[31.090558] (srv_pkg) StdoutLine: {'line': b'-- Installing: /home/omar/amrws/install/srv_pkg/lib/python3.12/site-packages/srv_pkg/srv_pkg_s__rosidl_typesupport_fastrtps_c.so\n'}
[31.090660] (srv_pkg) StdoutLine: {'line': b'-- Installing: /home/omar/amrws/install/srv_pkg/lib/python3.12/site-packages/srv_pkg/srv_pkg_s__rosidl_typesupport_introspection_c.so\n'}
[31.090761] (srv_pkg) StdoutLine: {'line': b'-- Installing: /home/omar/amrws/install/srv_pkg/lib/python3.12/site-packages/srv_pkg/__init__.py\n'}
[31.090861] (srv_pkg) StdoutLine: {'line': b'-- Installing: /home/omar/amrws/install/srv_pkg/lib/python3.12/site-packages/srv_pkg/srv_pkg_s__rosidl_typesupport_c.so\n'}
[31.091069] (srv_pkg) StdoutLine: {'line': b'-- Installing: /home/omar/amrws/install/srv_pkg/lib/python3.12/site-packages/srv_pkg/_srv_pkg_s.ep.rosidl_typesupport_introspection_c.c\n'}
[31.091187] (srv_pkg) StdoutLine: {'line': b'-- Installing: /home/omar/amrws/install/srv_pkg/lib/python3.12/site-packages/srv_pkg/_srv_pkg_s.ep.rosidl_typesupport_fastrtps_c.c\n'}
[31.091290] (srv_pkg) StdoutLine: {'line': b'-- Installing: /home/omar/amrws/install/srv_pkg/lib/python3.12/site-packages/srv_pkg/srv\n'}
[31.091394] (srv_pkg) StdoutLine: {'line': b'-- Installing: /home/omar/amrws/install/srv_pkg/lib/python3.12/site-packages/srv_pkg/srv/_send_img_s.c\n'}
[31.091495] (srv_pkg) StdoutLine: {'line': b'-- Installing: /home/omar/amrws/install/srv_pkg/lib/python3.12/site-packages/srv_pkg/srv/__init__.py\n'}
[31.091594] (srv_pkg) StdoutLine: {'line': b'-- Installing: /home/omar/amrws/install/srv_pkg/lib/python3.12/site-packages/srv_pkg/srv/_send_img.py\n'}
[31.091693] (srv_pkg) StdoutLine: {'line': b'-- Installing: /home/omar/amrws/install/srv_pkg/lib/python3.12/site-packages/srv_pkg/_srv_pkg_s.ep.rosidl_typesupport_c.c\n'}
[31.106348] (-) TimerEvent: {}
[31.206674] (-) TimerEvent: {}
[31.264605] (srv_pkg) StdoutLine: {'line': b"Listing '/home/omar/amrws/install/srv_pkg/lib/python3.12/site-packages/srv_pkg'...\n"}
[31.264918] (srv_pkg) StdoutLine: {'line': b"Compiling '/home/omar/amrws/install/srv_pkg/lib/python3.12/site-packages/srv_pkg/__init__.py'...\n"}
[31.265149] (srv_pkg) StdoutLine: {'line': b"Listing '/home/omar/amrws/install/srv_pkg/lib/python3.12/site-packages/srv_pkg/srv'...\n"}
[31.265347] (srv_pkg) StdoutLine: {'line': b"Compiling '/home/omar/amrws/install/srv_pkg/lib/python3.12/site-packages/srv_pkg/srv/__init__.py'...\n"}
[31.265566] (srv_pkg) StdoutLine: {'line': b"Compiling '/home/omar/amrws/install/srv_pkg/lib/python3.12/site-packages/srv_pkg/srv/_send_img.py'...\n"}
[31.274966] (srv_pkg) StdoutLine: {'line': b'-- Installing: /home/omar/amrws/install/srv_pkg/lib/python3.12/site-packages/srv_pkg/srv_pkg_s__rosidl_typesupport_fastrtps_c.so\n'}
[31.275526] (srv_pkg) StdoutLine: {'line': b'-- Set non-toolchain portion of runtime path of "/home/omar/amrws/install/srv_pkg/lib/python3.12/site-packages/srv_pkg/srv_pkg_s__rosidl_typesupport_fastrtps_c.so" to ""\n'}
[31.275889] (srv_pkg) StdoutLine: {'line': b'-- Installing: /home/omar/amrws/install/srv_pkg/lib/python3.12/site-packages/srv_pkg/srv_pkg_s__rosidl_typesupport_introspection_c.so\n'}
[31.276455] (srv_pkg) StdoutLine: {'line': b'-- Set non-toolchain portion of runtime path of "/home/omar/amrws/install/srv_pkg/lib/python3.12/site-packages/srv_pkg/srv_pkg_s__rosidl_typesupport_introspection_c.so" to ""\n'}
[31.276790] (srv_pkg) StdoutLine: {'line': b'-- Installing: /home/omar/amrws/install/srv_pkg/lib/python3.12/site-packages/srv_pkg/srv_pkg_s__rosidl_typesupport_c.so\n'}
[31.277295] (srv_pkg) StdoutLine: {'line': b'-- Set non-toolchain portion of runtime path of "/home/omar/amrws/install/srv_pkg/lib/python3.12/site-packages/srv_pkg/srv_pkg_s__rosidl_typesupport_c.so" to ""\n'}
[31.277601] (srv_pkg) StdoutLine: {'line': b'-- Installing: /home/omar/amrws/install/srv_pkg/lib/libsrv_pkg__rosidl_generator_py.so\n'}
[31.278124] (srv_pkg) StdoutLine: {'line': b'-- Set non-toolchain portion of runtime path of "/home/omar/amrws/install/srv_pkg/lib/libsrv_pkg__rosidl_generator_py.so" to ""\n'}
[31.278418] (srv_pkg) StdoutLine: {'line': b'-- Installing: /home/omar/amrws/install/srv_pkg/share/ament_index/resource_index/rust_packages/srv_pkg\n'}
[31.278871] (srv_pkg) StdoutLine: {'line': b'-- Installing: /home/omar/amrws/install/srv_pkg/share/srv_pkg/rust\n'}
[31.279110] (srv_pkg) StdoutLine: {'line': b'-- Installing: /home/omar/amrws/install/srv_pkg/share/srv_pkg/rust/Cargo.toml\n'}
[31.279321] (srv_pkg) StdoutLine: {'line': b'-- Installing: /home/omar/amrws/install/srv_pkg/share/srv_pkg/rust/src\n'}
[31.279512] (srv_pkg) StdoutLine: {'line': b'-- Installing: /home/omar/amrws/install/srv_pkg/share/srv_pkg/rust/src/lib.rs\n'}
[31.279769] (srv_pkg) StdoutLine: {'line': b'-- Installing: /home/omar/amrws/install/srv_pkg/share/srv_pkg/rust/src/srv.rs\n'}
[31.279899] (srv_pkg) StdoutLine: {'line': b'-- Installing: /home/omar/amrws/install/srv_pkg/share/srv_pkg/rust/src/srv\n'}
[31.280047] (srv_pkg) StdoutLine: {'line': b'-- Installing: /home/omar/amrws/install/srv_pkg/share/srv_pkg/rust/src/srv/rmw.rs\n'}
[31.280169] (srv_pkg) StdoutLine: {'line': b'-- Installing: /home/omar/amrws/install/srv_pkg/share/srv_pkg/rust/build.rs\n'}
[31.280344] (srv_pkg) StdoutLine: {'line': b'-- Installing: /home/omar/amrws/install/srv_pkg/share/srv_pkg/srv/SendImg.idl\n'}
[31.280530] (srv_pkg) StdoutLine: {'line': b'-- Installing: /home/omar/amrws/install/srv_pkg/share/srv_pkg/srv/SendImg.srv\n'}
[31.280709] (srv_pkg) StdoutLine: {'line': b'-- Installing: /home/omar/amrws/install/srv_pkg/share/ament_index/resource_index/package_run_dependencies/srv_pkg\n'}
[31.280899] (srv_pkg) StdoutLine: {'line': b'-- Installing: /home/omar/amrws/install/srv_pkg/share/ament_index/resource_index/parent_prefix_path/srv_pkg\n'}
[31.281084] (srv_pkg) StdoutLine: {'line': b'-- Installing: /home/omar/amrws/install/srv_pkg/share/srv_pkg/environment/ament_prefix_path.sh\n'}
[31.281281] (srv_pkg) StdoutLine: {'line': b'-- Installing: /home/omar/amrws/install/srv_pkg/share/srv_pkg/environment/ament_prefix_path.dsv\n'}
[31.281517] (srv_pkg) StdoutLine: {'line': b'-- Installing: /home/omar/amrws/install/srv_pkg/share/srv_pkg/environment/path.sh\n'}
[31.281737] (srv_pkg) StdoutLine: {'line': b'-- Installing: /home/omar/amrws/install/srv_pkg/share/srv_pkg/environment/path.dsv\n'}
[31.282010] (srv_pkg) StdoutLine: {'line': b'-- Installing: /home/omar/amrws/install/srv_pkg/share/srv_pkg/local_setup.bash\n'}
[31.282874] (srv_pkg) StdoutLine: {'line': b'-- Installing: /home/omar/amrws/install/srv_pkg/share/srv_pkg/local_setup.sh\n'}
[31.283179] (srv_pkg) StdoutLine: {'line': b'-- Installing: /home/omar/amrws/install/srv_pkg/share/srv_pkg/local_setup.zsh\n'}
[31.283410] (srv_pkg) StdoutLine: {'line': b'-- Installing: /home/omar/amrws/install/srv_pkg/share/srv_pkg/local_setup.dsv\n'}
[31.283602] (srv_pkg) StdoutLine: {'line': b'-- Installing: /home/omar/amrws/install/srv_pkg/share/srv_pkg/package.dsv\n'}
[31.283857] (srv_pkg) StdoutLine: {'line': b'-- Installing: /home/omar/amrws/install/srv_pkg/share/ament_index/resource_index/packages/srv_pkg\n'}
[31.284302] (srv_pkg) StdoutLine: {'line': b'-- Installing: /home/omar/amrws/install/srv_pkg/share/srv_pkg/cmake/export_srv_pkg__rosidl_generator_cExport.cmake\n'}
[31.284588] (srv_pkg) StdoutLine: {'line': b'-- Installing: /home/omar/amrws/install/srv_pkg/share/srv_pkg/cmake/export_srv_pkg__rosidl_generator_cExport-noconfig.cmake\n'}
[31.284849] (srv_pkg) StdoutLine: {'line': b'-- Installing: /home/omar/amrws/install/srv_pkg/share/srv_pkg/cmake/export_srv_pkg__rosidl_typesupport_fastrtps_cExport.cmake\n'}
[31.285166] (srv_pkg) StdoutLine: {'line': b'-- Installing: /home/omar/amrws/install/srv_pkg/share/srv_pkg/cmake/export_srv_pkg__rosidl_typesupport_fastrtps_cExport-noconfig.cmake\n'}
[31.285469] (srv_pkg) StdoutLine: {'line': b'-- Installing: /home/omar/amrws/install/srv_pkg/share/srv_pkg/cmake/srv_pkg__rosidl_typesupport_introspection_cExport.cmake\n'}
[31.285765] (srv_pkg) StdoutLine: {'line': b'-- Installing: /home/omar/amrws/install/srv_pkg/share/srv_pkg/cmake/srv_pkg__rosidl_typesupport_introspection_cExport-noconfig.cmake\n'}
[31.286035] (srv_pkg) StdoutLine: {'line': b'-- Installing: /home/omar/amrws/install/srv_pkg/share/srv_pkg/cmake/srv_pkg__rosidl_typesupport_cExport.cmake\n'}
[31.286235] (srv_pkg) StdoutLine: {'line': b'-- Installing: /home/omar/amrws/install/srv_pkg/share/srv_pkg/cmake/srv_pkg__rosidl_typesupport_cExport-noconfig.cmake\n'}
[31.286427] (srv_pkg) StdoutLine: {'line': b'-- Installing: /home/omar/amrws/install/srv_pkg/share/srv_pkg/cmake/export_srv_pkg__rosidl_generator_cppExport.cmake\n'}
[31.286676] (srv_pkg) StdoutLine: {'line': b'-- Installing: /home/omar/amrws/install/srv_pkg/share/srv_pkg/cmake/export_srv_pkg__rosidl_typesupport_fastrtps_cppExport.cmake\n'}
[31.286928] (srv_pkg) StdoutLine: {'line': b'-- Installing: /home/omar/amrws/install/srv_pkg/share/srv_pkg/cmake/export_srv_pkg__rosidl_typesupport_fastrtps_cppExport-noconfig.cmake\n'}
[31.287197] (srv_pkg) StdoutLine: {'line': b'-- Installing: /home/omar/amrws/install/srv_pkg/share/srv_pkg/cmake/srv_pkg__rosidl_typesupport_introspection_cppExport.cmake\n'}
[31.287449] (srv_pkg) StdoutLine: {'line': b'-- Installing: /home/omar/amrws/install/srv_pkg/share/srv_pkg/cmake/srv_pkg__rosidl_typesupport_introspection_cppExport-noconfig.cmake\n'}
[31.287751] (srv_pkg) StdoutLine: {'line': b'-- Installing: /home/omar/amrws/install/srv_pkg/share/srv_pkg/cmake/srv_pkg__rosidl_typesupport_cppExport.cmake\n'}
[31.287927] (srv_pkg) StdoutLine: {'line': b'-- Installing: /home/omar/amrws/install/srv_pkg/share/srv_pkg/cmake/srv_pkg__rosidl_typesupport_cppExport-noconfig.cmake\n'}
[31.288198] (srv_pkg) StdoutLine: {'line': b'-- Installing: /home/omar/amrws/install/srv_pkg/share/srv_pkg/cmake/export_srv_pkg__rosidl_generator_pyExport.cmake\n'}
[31.288425] (srv_pkg) StdoutLine: {'line': b'-- Installing: /home/omar/amrws/install/srv_pkg/share/srv_pkg/cmake/export_srv_pkg__rosidl_generator_pyExport-noconfig.cmake\n'}
[31.288629] (srv_pkg) StdoutLine: {'line': b'-- Installing: /home/omar/amrws/install/srv_pkg/share/srv_pkg/cmake/rosidl_cmake-extras.cmake\n'}
[31.288862] (srv_pkg) StdoutLine: {'line': b'-- Installing: /home/omar/amrws/install/srv_pkg/share/srv_pkg/cmake/ament_cmake_export_dependencies-extras.cmake\n'}
[31.289123] (srv_pkg) StdoutLine: {'line': b'-- Installing: /home/omar/amrws/install/srv_pkg/share/srv_pkg/cmake/ament_cmake_export_include_directories-extras.cmake\n'}
[31.289415] (srv_pkg) StdoutLine: {'line': b'-- Installing: /home/omar/amrws/install/srv_pkg/share/srv_pkg/cmake/ament_cmake_export_libraries-extras.cmake\n'}
[31.289715] (srv_pkg) StdoutLine: {'line': b'-- Installing: /home/omar/amrws/install/srv_pkg/share/srv_pkg/cmake/ament_cmake_export_targets-extras.cmake\n'}
[31.289993] (srv_pkg) StdoutLine: {'line': b'-- Installing: /home/omar/amrws/install/srv_pkg/share/srv_pkg/cmake/rosidl_cmake_export_typesupport_targets-extras.cmake\n'}
[31.290229] (srv_pkg) StdoutLine: {'line': b'-- Installing: /home/omar/amrws/install/srv_pkg/share/srv_pkg/cmake/rosidl_cmake_export_typesupport_libraries-extras.cmake\n'}
[31.290454] (srv_pkg) StdoutLine: {'line': b'-- Installing: /home/omar/amrws/install/srv_pkg/share/srv_pkg/cmake/rosidl_cmake_aggregate_target-extras.cmake\n'}
[31.290676] (srv_pkg) StdoutLine: {'line': b'-- Installing: /home/omar/amrws/install/srv_pkg/share/srv_pkg/cmake/srv_pkgConfig.cmake\n'}
[31.290869] (srv_pkg) StdoutLine: {'line': b'-- Installing: /home/omar/amrws/install/srv_pkg/share/srv_pkg/cmake/srv_pkgConfig-version.cmake\n'}
[31.291094] (srv_pkg) StdoutLine: {'line': b'-- Installing: /home/omar/amrws/install/srv_pkg/share/srv_pkg/package.xml\n'}
[31.295313] (srv_pkg) CommandEnded: {'returncode': 0}
[31.306981] (-) TimerEvent: {}
[31.323944] (srv_pkg) JobEnded: {'identifier': 'srv_pkg', 'rc': 0}
[31.325094] (-) EventReactorShutdown: {}
